台帳番号,設置場所,設置位置,郵便番号,住所,24時間365日利用可能か,利用開始時間,利用終了時間,使用可能な曜日,使用可能日・使用可能時間帯の補足,使用対象者の範囲,緯度,経度,,,
1,川崎市役所本庁舎,25階展望ロビー,210-0004,川崎区宮本町1番地,365日24時間使用可,-,-,-,閉庁時は、守衛室にかけこみ等で連絡のこと,外部の使用も認める,35.53091408,139.7030842,,,
2,川崎市役所南庁舎,1階守衛室,210-0005,川崎区東田町5-4,365日24時間使用可,-,-,-,閉庁時は、守衛室にかけこみ等で連絡のこと,外部の使用も認める,35.52980978,139.7024033,,,
3,川崎市役所北庁舎,1階エントランス,210-0004,川崎区宮本町3-3,365日24時間使用可,-,-,-,閉庁時は、守衛室にかけこみ等で連絡のこと,外部の使用も認める,35.53193931,139.7035923,,,
4,川崎市役所本庁舎,1階守衛室横,210-0004,川崎区宮本町1番地,365日24時間使用可,-,-,-,閉庁時は、守衛室にかけこみ等で連絡のこと,外部の使用も認める,35.53091408,139.7030842,,,
5,川崎市役所本庁舎,15階EVホール,210-0004,川崎区宮本町1番地,365日24時間使用可,-,-,-,閉庁時は、守衛室にかけこみ等で連絡のこと,外部の使用も認める,35.53091408,139.7030842,,,
6,川崎市役所南庁舎,18階EVホール,210-0005,川崎区東田町5-4,365日24時間使用可,-,-,-,閉庁時は、守衛室にかけこみ等で連絡のこと,外部の使用も認める,35.52980978,139.7024033,,,
7,みぞのくち市税事務所,2階玄関風除室,213-0033,高津区下作延2-7-60,365日24時間使用可ではない,8時30分,17時00分,平日,,外部の使用も認める,35.59939597,139.6065644,,,
8,しんゆり市税事務所,5階待合スペース,215-0004,麻生区万福寺1-2-2 新百合21ビル 5階,365日24時間使用可ではない,8時30分,17時00分,平日,,外部の使用も認める,35.60318183,139.506207,,,
9,川崎市民プラザ,1階中央監視室,213-0014,高津区新作1-19-1,365日24時間使用可ではない,9時00分,21時30分,営業時間中,休館日は不定期,外部の使用も認める,35.58482442,139.6104129,,,
10,川崎市民プラザ,1階プール指導員室,213-0014,高津区新作1-19-1,365日24時間使用可ではない,9時00分,21時30分,営業時間中,休館日は不定期,外部の使用も認める,35.58482442,139.6104129,,,
11,川崎市国際交流センター,1階エントランスホール,211-0033,中原区木月祗園町2-2,365日24時間使用可,-,-,-,,外部の使用も認める,35.56819708,139.6487301,,,
12,川崎市総合自治会館,事務室前,211-0063,"中原区小杉町3-600
ｺｽｷﾞｻｰﾄﾞｱｳﾞｪﾆｭｰ4階",365日24時間使用可ではない,9時00分,21時00分,全曜日（毎月第３月曜日及び12月29日〜1月3日を除く）,,外部の使用も認める,35.57624,139.65848,,,
13,川崎市男女共同参画センター,1階事務室,213-0001,高津区溝口2-20-1,365日24時間使用可ではない,8時30分,21時30分,全曜日（毎月第３火曜日、１２月２９日〜１月３日を除く）,,外部の使用も認める,35.604584,139.609174,,,
14,川崎市平和館,1階ロビー,211-0021,中原区木月住吉町33-1,365日24時間使用可ではない,8時30分,21時30分,月曜日、第３火曜日、年末年始以外利用可能,月曜日、第３火曜日（祝休日の場合はその直後の平日）、 年末年始12月29日〜1月3日は使用不可。 夜間利用がない場合は、当該AEDの利用終了時間は17時15分。,外部の使用も認める,35.56873397,139.6589578,,,
15,藤子・Ｆ・不二雄ミュージアム,1階事務室,214-0023,多摩区長尾2-8-1,365日24時間使用可ではない,7時00分,21時00分,開館日,使用は開館日のみ可能（不定期にて閉館日あり）,外部の使用も認める,35.60992364,139.5734323,,,
16,アートセンター,2階受付,215-0004,麻生区万福寺6-7-1,365日24時間使用可ではない,9時00分,22時30分,開館日,年末年始12月29日〜1月3日は使用不可。そのほか不定期にて閉館日あり、開館時は受付に声掛け必須,外部の使用も認める,35.60584214,139.5057464,,,
17,川崎能楽堂,事務室,210-0024,川崎区日進町1-37,365日24時間使用可ではない,9時00分,21時00分,会館営業日,不定期にて閉館日あり,外部の使用も認める,35.52753872,139.6947484,,,
18,ミューザ川崎シンフォニーホール,音楽工房ロビー,212-8557,幸区大宮町1310,365日24時間使用可ではない,9時00分,22時00分,会館営業日,不定期にて閉館日あり,外部の使用も認める,35.53092736,139.6947596,,,
19,アートガーデンかわさき,事務室,210-0007,川崎区駅前本町12-1タワーリバーク3F,365日24時間使用可ではない,10時00分,19時00分,会館営業日,不定期にて閉館日あり,外部の使用も認める,35.53198675,139.6985923,,,
20,小黒恵子童謡記念館,受付,213-0004,高津区諏訪3-13-8,365日24時間使用可ではない,10時00分,17時00分,日・月・木・祝,,外部の使用も認める,35.60207,139.62603,,,
21,藤子・Ｆ・不二雄ミュージアム,２階作業室 ,214-0023,多摩区長尾2-8-1,365日24時間使用可ではない,7時00分,21時00分,開館日,使用は開館日のみ可能（不定期にて閉館日あり）,外部の使用も認める,35.60992364,139.5734323,,,
22,市民ミュージアム,2階事務室,215-0021,麻生区上麻生6-15-2,365日24時間使用可ではない,8時30分,17時15分,土・日・祝日及び年末年始を除く,,外部の使用も認める,35.58485686,139.4946869,,,
23,岡本太郎美術館,1階エントランスホール,214-0032,多摩区枡形7-1-5,365日24時間使用可,-,-,-,２４時間勤務体制の警備員が対応,外部の使用も認める,35.60806917,139.5574537,,,
24,産業振興会館,6階,212-0013,幸区堀川町66-20,365日24時間使用可ではない,9時,21時,年末年始29日〜3日以外,,外部の使用も認める,35.53523033,139.7008481,,,
25,大川町産業会館,1階,210-0858,川崎区大川町9-2,365日24時間使用可ではない,9時00分,17時00分,平日,,外部の使用も認める,35.49552769,139.7127823,,,
26,浅野町工場会館,2階,210-0854,川崎区浅野町1-4,365日24時間使用可ではない,9時00分,17時00分,平日,,外部の使用も認める,35.51444681,139.7231578,,,
27,産業振興会館,1階,212-0013,幸区堀川町66-20,365日24時間使用可ではない,9時,21時,年末年始29日〜3日以外,,外部の使用も認める,35.53523033,139.7008481,,,
28,農業技術支援センター,1階,214-0006,多摩区菅仙谷3-17-1,365日24時間使用可ではない,8時30分,17時15分,年末年始以外利用可能,年末年始12月29日〜1月3日は使用不可,外部の使用も認める,35.62495819,139.5230607,,,
29,かわさき新産業創造センター,NANOBIC1階アメニティ,212-0032,幸区新川崎7-7,365日24時間使用可ではない,9時00分,17時00分,年末年始以外利用可能,年末年始12月29日〜1月3日は使用不可,外部の使用も認める,35.54563214,139.6727893,,,
30,かわさき新産業創造センター,KBIC本館1階アメニティ,212-0032,幸区新川崎7-7,365日24時間使用可ではない,9時00分,17時00分,年末年始以外利用可能,年末年始12月29日〜1月3日は使用不可,外部の使用も認める,35.546019,139.672126,,,
31,慶應義塾大学新川崎タウンキャンパス厚生棟,受付横の机上,212-0032,幸区新川崎7-1,365日24時間使用可ではない,8時30分,17時00分,年末年始以外利用可能,年末年始12月29日〜1月3日は使用不可,外部の使用も認める,35.54677647,139.6712461,,,
32,川崎市生活文化会館てくのかわさき,２階事務所,213-0001,高津区溝口1-6-10,365日24時間使用可ではない,9時00分,22時00分,年末年始以外利用可能,年末年始12月29日〜1月3日は使用不可,外部の使用も認める,35.59881,139.61401,,,
33,川崎競輪場,ファン救護室,210-0011,川崎区富士見2-1-6,365日24時間使用可ではない,9時00分,17時00分,競輪場場内開催日,競輪場場内開催日のみ使用可能,外部の使用も認める,35.52907175,139.7094425,,,
34,川崎競輪場,メインスタンド5階総合案内内側,210-0011,川崎区富士見2-1-6,365日24時間使用可ではない,9時00分,17時00分,競輪場場内開催日,競輪場場内開催日のみ使用可能,外部の使用も認める,35.52907175,139.7094425,,,
35,川崎競輪場,西スタンド1階総合案内内側,210-0011,川崎区富士見2-1-6,365日24時間使用可ではない,9時00分,17時00分,競輪場場内開催日,競輪場場内開催日のみ使用可能,外部の使用も認める,35.52907175,139.7094425,,,
36,川崎競輪場,選手入場門,210-0011,川崎区富士見2-1-6,365日24時間使用可ではない,9時00分,17時00分,競輪場場内開催日,競輪場場内開催日のみ使用可能,外部の使用も認める,35.52907175,139.7094425,,,
37,小向会館,1階エントランス,212-0004,幸区小向西町4-110,365日24時間使用可ではない,施設利用開始時間,施設利用終了時間,競輪本場開催中及び施設貸出時,競輪場場内開催日及び施設貸出中のみ使用可能,外部の使用も認める,35.54575472,139.6860804,,,
38,南部市場,守衛室,212-0016,幸区南幸町3-126-1,365日24時間使用可,-,-,-,,外部の使用も認める,35.53303425,139.6850476,,,
39,北部市場,北門守衛室,216-0012,宮前区水沢1-1-1,365日24時間使用可,-,-,-,,外部の使用も認める,35.59128,139.54954,,,
40,北部市場,南門郵便局前,216-0012,宮前区水沢1-1-1,365日24時間使用可,-,-,-,,外部の使用も認める,35.590015,139.549274,,,
41,川崎エコタウン会館,1階ロビー（入口付近）,210-0866,川崎区水江町6-6,365日24時間使用可ではない,9時00分,16時00分,月〜金（祝日、年末年始除く）,,外部の使用も認める,35.50468394,139.7419888,,,
42,川崎市コンベンションホール,2階事務所,211-0063,中原区小杉町2-276-1,365日24時間使用可ではない,9時00分,22時00分,下記以外,年末年始12月29日〜1月3日は休館日なので使用不可。夜間の予約がない日は18時閉館なので、18時以降使用不可。,外部の使用も認める,35.57770725,139.6570367,,,
43,王禅寺処理センター,B1階玄関ホール,215-0013,麻生区王禅寺1285,365日24時間使用可ではない,8時30分,17時15分,1/1〜3及び日曜日以外,１月１日〜３日は使用不可,外部の使用も認める,35.591437,139.524814,,,
44,橘処理センター,2階市管理事務室,213-0014,高津区新作1-20-1,365日24時間使用可ではない,8時30分,17時15分,1/1〜3及び日曜日以外,,外部の使用も認める,35.585733,139.608616,,,
45,浮島処理センター,4階事務室,210-0862,川崎区浮島町509-1,365日24時間使用可ではない,8時30分,17時15分,1/1〜3及び日曜日以外,,外部の使用も認める,35.51469447,139.7836408,,,
46,かわさきエコ暮らし未来館,2階事務室,210-0862,川崎区浮島町509-1,365日24時間使用可ではない,9時00分,16時30分,月曜日以外,月曜日が祝日の場合は当該日使用可能、翌平日使用不可,外部の使用も認める,35.515337,139.7837039,,,
47,王禅寺余熱利用市民施設,1階プール監視室,215-0013,麻生区王禅寺1321,365日24時間使用可ではない,9時00分,21時00分,下記以外,年末年始12/29〜1/3及び７，８月を除いた第４水曜日は使用不可,外部の使用も認める,35.59358892,139.5246009,,,
48,王禅寺余熱利用市民施設,3階フロント,215-0013,麻生区王禅寺1321,365日24時間使用可ではない,9時00分,21時00分,下記以外,年末年始12/29〜1/3及び７，８月を除いた第４水曜日は使用不可,外部の使用も認める,35.59358892,139.5246009,,,
49,橘処理センター,４階見学者通路,213-0014,高津区新作1-20-1,365日24時間使用可ではない,8時30分,17時15分,1/1〜3及び日曜日以外,,施設利用者・職員のみ,35.585979,139.609155,,,
50,王禅寺エコ暮らし環境館,3階展示室内受付,215-0013,麻生区王禅寺1285,365日24時間使用可ではない,9時,16時30分,水曜日以外,12/29〜1/3及び臨時休館日,外部の使用も認める,35.59228081,139.5247719,,,
51,王禅寺処理センター資源化処理施設,4階中央操作室内,215-0013,麻生区王禅寺1285,365日24時間使用可ではない,8時30分,17時15分,日曜日以外,1/1〜1/3,施設利用者・職員のみ,35.59243283,139.5247697,,,
52,浮島処理センター資源化処理施設,２階中央制御室内,210-0862,川崎区浮島町509-1,365日24時間使用可ではない,8時30分,17時15分,日曜日以外,,外部の使用も認める,35.51536603,139.7844542,,,
53,南部リサイクルセンター,１階玄関,210-0863,川崎区夜光3-１-３,365日24時間使用可ではない,8時30分,17時15分,日曜日以外,,外部の使用も認める,35.51974,139.74379,,,
54,川崎生活環境事業所,来客用受付カウンター,210-0826,川崎区塩浜4-１１-９,365日24時間使用可ではない,8時00分,16時45分,1/1〜3及び日曜日以外,,外部の使用も認める,35.5307412,139.7489482,,,
55,中原生活環境事業所,来客用受付カウンター,211-0012,中原区中丸子155-1,365日24時間使用可ではない,8時00分,16時45分,1/1〜3及び日曜日以外,,外部の使用も認める,35.56999724,139.6620559,,,
56,宮前生活環境事業所,編成室１階カウンター,216-0033,川崎市宮前区宮崎１７２,365日24時間使用可ではない,8時00分,16時45分,日曜日以外,年始1月１日〜3日は使用不可,外部の使用も認める,35.59010087,139.5951937,,,
57,多摩生活環境事業所,来庁者入口,214-0032,多摩区枡形1-14-1,365日24時間使用可ではない,8時00分,16時45分,日曜日以外,年始1/1〜1/3と日曜日は使用不可,外部の使用も認める,35.61985745,139.5527836,,,
58,生活づくり支援ホーム下野毛,1階入口玄関,213-0006,高津区下野毛1-7-16,365日24時間使用可,-,-,-,,外部の使用も認める,35.59885556,139.6371519,,,
59,川崎市自立支援センター日進町,1階事務所内,210-0024,川崎区日進町12-11,365日24時間使用可,-,-,-,,外部の使用も認める,35.52476531,139.6934103,,,
60,川崎市自立支援センター南幸町,1階受付内,212-0016,幸区南幸町3-105,365日24時間使用可,-,-,-,,外部の使用も認める,35.53066292,139.6852039,,,
61,川崎市総合福祉センター（エポックなかはら）,1階事務室,211-0053,中原区上小田中6-22-5,365日24時間使用可ではない,8時30分,21時00分,月曜日から日曜日（点検日・年末年始を除く）,,外部の使用も認める,35.58108728,139.6423532,,,
62,福祉パルかわさき,事務室,210-0011,川崎区富士見1-6-3　読売川崎富士見ビルB1棟6階,365日24時間使用可ではない,8時30分,"17時00分
火・木曜は21時00分",月曜日から土曜日（祝日・年末年始を除く）,,外部の使用も認める,35.53057717,139.7114864,,,
63,福祉パルさいわい,１階事務室,212-0023,幸区戸手本町1-11-5,365日24時間使用可ではない,8時30分,"17時00分
火・金曜は21時00分",月曜日から土曜日（祝日・年末年始を除く）,,外部の使用も認める,35.54385697,139.6868368,,,
64,福祉パルなかはら,事務室,211-0067,中原区今井上町1-34　和田ビル1階,365日24時間使用可ではない,8時30分,"17時00分
火・木曜は21時00分",月曜日から土曜日（祝日・年末年始を除く）,,外部の使用も認める,35.57687017,139.6534945,,,
65,福祉パルたかつ,事務室,213-0001,高津区溝口1-6-10 てくのかわさき3階,365日24時間使用可ではない,8時30分,"17時00分
火・木曜は21時00分",月曜日から土曜日（祝日・年末年始を除く）,,外部の使用も認める,35.59884,139.61384,,,
66,福祉パルみやまえ,事務室,216-0033,宮前区宮崎2-6-10　宮崎台ガーデンオフィス4階,365日24時間使用可ではない,8時30分,"17時00分
火・金曜は21時00分",月曜日から土曜日（祝日・年末年始を除く）,,外部の使用も認める,35.58792314,139.5892217,,,
67,福祉パルたま,事務室,214-0014,多摩区登戸1891　第3井出ビル3階,365日24時間使用可ではない,8時30分,"17時00分
火・木曜は21時00分",月曜日から土曜日（祝日・年末年始を除く）,,外部の使用も認める,35.62001831,139.5608049,,,
68,福祉パルあさお,事務室,215-0004,麻生区万福寺1-2-2　新百合トウェンティワンビル1階,365日24時間使用可ではない,8時30分,"17時00分
火・木曜は21時00分",月曜日から土曜日（祝日・年末年始を除く）,,外部の使用も認める,35.60318158,139.5061149,,,
69,養護老人ホーム恵楽園,3階当直室,213-0033,高津区下作延2-26-1,365日24時間使用可,-,-,-,,外部の使用も認める,35.59717319,139.6056274,,,
70,多摩川の里身体障害者福祉会館,1階事務室前,214-0012,多摩区中野島6-13-5,365日24時間使用可ではない,8時30分,21時,平日・土日,日曜日、日月以外の祝日：8時30分〜17時、日、月曜日が祝日に当たる場合は不可、年末年始12/29〜1/3不可,外部の使用も認める,35.63222367,139.5518006,,,
71,社会復帰訓練所,玄関横事務室入口,213-0013,高津区末長1-3-8,365日24時間使用可ではない,8時30分,17時00分,平日,,外部の使用も認める,35.59600556,139.6084943,,,
72,柿生学園,事務室,215-0025,麻生区五力田2-20-10,365日24時間使用可,-,-,-,,外部の使用も認める,35.60060631,139.4893463,,,
73,南部リハビリテーションセンター,3階事務所,210-0024,川崎区日進町5-1,365日24時間使用可ではない,8時30分,17時30分,平日,17時30分,外部の使用も認める,35.52611653,139.6927587,,,
74,北部リハビリテーションセンター,2階北部地域生活支援センター事務室,215-0011,麻生区百合丘2-8-2,365日24時間使用可ではない,8時30分,20時00分,平日、土曜,"月〜土（祝日、12/29-1/3を除く）
使用可",外部の使用も認める,35.60285,139.51577,,,
75,井田重度障害者等生活施設　桜の風,警備員室,211-0035,中原区井田3丁目16番1号,365日24時間使用可,-,-,-,,外部の使用も認める,35.56385339,139.6361,,,
76,南部身体障害者福祉会館,1階事務室,210-0834,川崎区大島1-8-6,365日24時間使用可ではない,8時30分,21時00分,下記の通り,祝日・年末年始・日曜17時以降使用不可,外部の使用も認める,35.52618117,139.7109152,,,
77,北部身体障害者福祉会館,1階事務室,213-0001,高津区溝口1-18-16,365日24時間使用可ではない,8時30分,21時00分,平日・土日,,外部の使用も認める,35.6010985,139.6140372,,,
78,中部身体障害者福祉会館,1階事務室,211-0068,中原区小杉御殿町2-114-1,365日24時間使用可ではない,8時30分,21時,平日・土日,,外部の使用も認める,35.58153489,139.6529111,,,
79,大師老人いこいの家,受付,210-0815,川崎区大師公園1-4,365日24時間使用可ではない,午前９時,午後４時,平日・土曜日,"敬老の日は利用可能
年末年始12月29日〜1月3日は利用不可",外部の使用も認める,35.53247336,139.7333671,,,
80,小田老人いこいの家,受付,210-0846,川崎区小田2-16-9,365日24時間使用可ではない,午前９時,午後４時,平日・土曜日,"敬老の日は利用可能
年末年始12月29日〜1月3日は利用不可",外部の使用も認める,35.514352,139.7018571,,,
81,藤崎老人いこいの家,受付,210-0804,川崎区藤崎4-17-6,365日24時間使用可ではない,午前９時,午後４時,平日・土曜日,"敬老の日は利用可能
年末年始12月29日〜1月3日は利用不可",外部の使用も認める,35.52507508,139.7217175,,,
82,田島老人いこいの家,受付,210-0853,川崎区田島町20-23,365日24時間使用可ではない,午前９時,午後４時,平日・土曜日,"敬老の日は利用可能
年末年始12月29日〜1月3日は利用不可",外部の使用も認める,35.51568714,139.7116498,,,
83,大島老人いこいの家,受付,210-0834,川崎区大島1-9-6,365日24時間使用可ではない,午前９時,午後４時,平日・土曜日,"敬老の日は利用可能
年末年始12月29日〜1月3日は利用不可",外部の使用も認める,35.52612397,139.7114757,,,
84,桜本老人いこいの家,受付,210-0833,川崎区桜本2-5-2,365日24時間使用可ではない,午前９時,午後４時,平日・土曜日,"敬老の日は利用可能
年末年始12月29日〜1月3日は利用不可",外部の使用も認める,35.52149731,139.7228887,,,
85,京町老人いこいの家,受付,210-0848,川崎区京町3-12-2,365日24時間使用可ではない,午前９時,午後４時,平日・土曜日,"敬老の日は利用可能
年末年始12月29日〜1月3日は利用不可",外部の使用も認める,35.51055397,139.6976734,,,
86,渡田老人いこいの家,受付,210-0837,川崎区渡田4-12-20,365日24時間使用可ではない,午前９時,午後４時,平日・土曜日,"敬老の日は利用可能
年末年始12月29日〜1月3日は利用不可",外部の使用も認める,35.51706375,139.7052221,,,
87,殿町老人いこいの家,受付,210-0821,川崎区殿町1-20-15,365日24時間使用可ではない,午前９時,午後４時,平日・土曜日,"敬老の日は利用可能
年末年始12月29日〜1月3日は利用不可",外部の使用も認める,35.53872297,139.7458494,,,
88,御幸老人いこいの家,受付,212-0026,幸区紺屋町33-1,365日24時間使用可ではない,午前９時,午後４時,平日・土曜日,"敬老の日は利用可能
年末年始12月29日〜1月3日は利用不可",外部の使用も認める,35.54262556,139.6899198,,,
89,日吉老人いこいの家,受付,212-0057,幸区北加瀬1-39-5,365日24時間使用可ではない,午前９時,午後４時,平日・土曜日,"敬老の日は利用可能
年末年始12月29日〜1月3日は利用不可",外部の使用も認める,35.5471345,139.6691671,,,
90,南河原老人いこいの家,受付,212-0016,幸区南幸町1-11,365日24時間使用可ではない,午前９時,午後４時,平日・土曜日,"敬老の日は利用可能
年末年始12月29日〜1月3日は利用不可",外部の使用も認める,35.53518142,139.6906805,,,
91,下平間老人いこいの家,受付,212-0053,幸区下平間357-6,365日24時間使用可ではない,午前９時,午後４時,平日・土曜日,"敬老の日は利用可能
年末年始12月29日〜1月3日は利用不可",外部の使用も認める,35.54808269,139.6857622,,,
92,古市場老人いこいの家,受付,212-0052,幸区古市場1781-1,365日24時間使用可ではない,午前９時,午後４時,平日・土曜日,"敬老の日は利用可能
年末年始12月29日〜1月3日は利用不可",外部の使用も認める,35.55130561,139.6838252,,,
93,小倉老人いこいの家,受付,212-0054,幸区小倉5-32-5,365日24時間使用可ではない,午前９時,午後４時,平日・土曜日,"敬老の日は利用可能
年末年始12月29日〜1月3日は利用不可",外部の使用も認める,35.53767694,139.6639717,,,
94,ごうじ老人いこいの家,受付,211-0053,中原区上小田中7-6-18,365日24時間使用可ではない,午前９時,午後４時,平日・土曜日,"敬老の日は利用可能
年末年始12月29日〜1月3日は利用不可",外部の使用も認める,35.58123344,139.6483138,,,
95,等々力老人いこいの家,受付,211-0052,中原区等々力1-1,365日24時間使用可ではない,午前９時,午後４時,平日・土曜日,"敬老の日は利用可能
年末年始12月29日〜1月3日は利用不可",外部の使用も認める,35.58501616,139.6490534,,,
96,中丸子老人いこいの家,受付,211-0012,中原区中丸子382-8,365日24時間使用可ではない,午前９時,午後４時,平日・土曜日,"敬老の日は利用可能
年末年始12月29日〜1月3日は利用不可",外部の使用も認める,35.57048,139.6683,,,○
97,新城老人いこいの家,受付,211-0042,中原区下新城1-2-4,365日24時間使用可ではない,午前９時,午後４時,平日・土曜日,"敬老の日は利用可能
年末年始12月29日〜1月3日は利用不可",外部の使用も認める,35.58024458,139.6342329,,,
98,西加瀬老人いこいの家,受付,211-0024,中原区西加瀬10-5,365日24時間使用可ではない,午前９時,午後４時,平日・土曜日,"敬老の日は利用可能
年末年始12月29日〜1月3日は利用不可",外部の使用も認める,35.561703,139.6606721,,,
99,井田老人いこいの家,受付,211-0037,中原区井田三舞町14-16,365日24時間使用可ではない,午前９時,午後４時,平日・土曜日,"敬老の日は利用可能
年末年始12月29日〜1月3日は利用不可",外部の使用も認める,35.56872278,139.6473526,,,
100,丸子多摩川老人いこいの家,受付,211-0006,中原区丸子通1-639-3,365日24時間使用可ではない,午前９時,午後４時,平日・土曜日,"敬老の日は利用可能
年末年始12月29日〜1月3日は利用不可",外部の使用も認める,35.58203669,139.6632533,,,
101,高津老人いこいの家,受付,213-0011,高津区久本3-6-22,365日24時間使用可ではない,午前９時,午後４時,平日・土曜日,"敬老の日は利用可能
年末年始12月29日〜1月3日は利用不可",外部の使用も認める,35.59874619,139.6178862,,,
102,上作延老人いこいの家,受付,213-0034,高津区上作延5-26-55,365日24時間使用可ではない,午前９時,午後４時,平日・土曜日,"敬老の日は利用可能
年末年始12月29日〜1月3日は利用不可",外部の使用も認める,35.59619928,139.6001349,,,
103,子母口老人いこいの家,受付,213-0023,高津区子母口983,365日24時間使用可ではない,午前９時,午後４時,平日・土曜日,"敬老の日は利用可能
年末年始12月29日〜1月3日は利用不可",外部の使用も認める,35.56985017,139.6277141,,,
104,末長老人いこいの家,受付,213-0013,高津区末長2-27-2,365日24時間使用可ではない,午前９時,午後４時,平日・土曜日,"敬老の日は利用可能
年末年始12月29日〜1月3日は利用不可",外部の使用も認める,35.5888125,139.6115884,,,
105,梶ケ谷老人いこいの家,受付,213-0015,高津区梶ケ谷5-8-27,365日24時間使用可ではない,午前９時,午後４時,平日・土曜日,"敬老の日は利用可能
年末年始12月29日〜1月3日は利用不可",外部の使用も認める,35.58286678,139.6063852,,,
106,東高津老人いこいの家,受付,213-0006,高津区下野毛1-3-2,365日24時間使用可ではない,午前９時,午後４時,平日・土曜日,"敬老の日は利用可能
年末年始12月29日〜1月3日は利用不可",外部の使用も認める,35.59744308,139.6366897,,,
107,くじ老人いこいの家,受付,213-0032,高津区久地3-16-1,365日24時間使用可ではない,午前９時,午後４時,平日・土曜日,"敬老の日は利用可能
年末年始12月29日〜1月3日は利用不可",外部の使用も認める,35.60811458,139.6056771,,,
108,平老人いこいの家,1階下駄箱上,216-0022,宮前区平2-13-1,365日24時間使用可ではない,午前９時,午後４時,平日・土曜日,"敬老の日は利用可能
年末年始12月29日〜1月3日は利用不可",外部の使用も認める,35.60187842,139.5748751,,,
109,有馬老人いこいの家,受付,216-0003,宮前区有馬4-5-2,365日24時間使用可ではない,午前９時,午後４時,平日・土曜日,"敬老の日は利用可能
年末年始12月29日〜1月3日は利用不可",外部の使用も認める,35.57683011,139.5829341,,,
110,野川老人いこいの家,ロビー,216-0043,宮前区野川台1-25-23,365日24時間使用可ではない,午前９時,午後４時,平日・土曜日,"敬老の日は利用可能
年末年始12月29日〜1月3日は利用不可",外部の使用も認める,35.57352803,139.6024916,,,
111,白幡台老人いこいの家,受付,216-0025,宮前区白幡台1-13-1,365日24時間使用可ではない,午前９時,午後４時,平日・土曜日,"敬老の日は利用可能
年末年始12月29日〜1月3日は利用不可",外部の使用も認める,35.59779219,139.5679694,,,
112,鷲ケ峰老人いこいの家,受付,216-0014,宮前区菅生ケ丘32-10,365日24時間使用可ではない,午前９時,午後４時,平日・土曜日,"敬老の日は利用可能
年末年始12月29日〜1月3日は利用不可",外部の使用も認める,35.59677119,139.5380296,,,
113,登戸老人いこいの家,受付,214-0013,多摩区登戸新町237,365日24時間使用可ではない,午前９時,午後４時,平日・土曜日,"敬老の日は利用可能
年末年始12月29日〜1月3日は利用不可",外部の使用も認める,35.62375756,139.5634799,,,
114,菅老人いこいの家,受付,214-0008,多摩区菅北浦3-11-1,365日24時間使用可ではない,午前９時,午後４時,平日・土曜日,"敬老の日は利用可能
年末年始12月29日〜1月3日は利用不可",外部の使用も認める,35.63109806,139.5314093,,,
115,錦ケ丘老人いこいの家,受付,214-0039,多摩区栗谷3-28-2,365日24時間使用可ではない,午前９時,午後４時,平日・土曜日,"敬老の日は利用可能
年末年始12月29日〜1月3日は利用不可",外部の使用も認める,35.61300706,139.5355096,,,
116,長尾老人いこいの家,受付,214-0023,多摩区長尾1-12-7,365日24時間使用可ではない,午前９時,午後４時,平日・土曜日,"敬老の日は利用可能
年末年始12月29日〜1月3日は利用不可",外部の使用も認める,35.61153817,139.5747475,,,
117,枡形老人いこいの家,受付,214-0032,多摩区枡形6-3-1,365日24時間使用可ではない,午前９時,午後４時,平日・土曜日,"敬老の日は利用可能
年末年始12月29日〜1月3日は利用不可",外部の使用も認める,35.61406031,139.5609055,,,
118,中野島老人いこいの家,受付,214-0012,多摩区中野島6-26-7,365日24時間使用可ではない,午前９時,午後４時,平日・土曜日,"敬老の日は利用可能
年末年始12月29日〜1月3日は利用不可",外部の使用も認める,35.63052014,139.5517904,,,
119,南菅老人いこいの家,受付,214-0004,多摩区菅馬場3-26-1,365日24時間使用可ではない,午前９時,午後４時,平日・土曜日,"敬老の日は利用可能
年末年始12月29日〜1月3日は利用不可",外部の使用も認める,35.62287708,139.5332913,,,
120,王禅寺老人いこいの家,受付,215-0018,麻生区王禅寺東5-32-15,365日24時間使用可ではない,午前９時,午後４時,平日・土曜日,"敬老の日は利用可能
年末年始12月29日〜1月3日は利用不可",外部の使用も認める,35.58156189,139.5126281,,,
121,片平老人いこいの家,受付,215-0023,麻生区片平5-25-1,365日24時間使用可ではない,午前９時,午後４時,平日・土曜日,"敬老の日は利用可能
年末年始12月29日〜1月3日は利用不可",外部の使用も認める,35.59768364,139.4917303,,,
122,千代ケ丘老人いこいの家,受付,215-0005,麻生区千代ケ丘6-3-22,365日24時間使用可ではない,午前９時,午後４時,平日・土曜日,"敬老の日は利用可能
年末年始12月29日〜1月3日は利用不可",外部の使用も認める,35.6154255,139.5104763,,,
123,白山老人いこいの家,受付,215-0014,麻生区白山4-2-2,365日24時間使用可ではない,午前９時,午後４時,平日・土曜日,"敬老の日は利用可能
年末年始12月29日〜1月3日は利用不可",外部の使用も認める,35.59054794,139.5100411,,,
124,麻生老人いこいの家,受付,215-0021,麻生区上麻生4-32-2,365日24時間使用可ではない,午前９時,午後４時,平日・土曜日,"敬老の日は利用可能
年末年始12月29日〜1月3日は利用不可",外部の使用も認める,35.59499828,139.5038416,,,
125,岡上老人いこいの家,受付,215-0027,麻生区岡上3-13-1,365日24時間使用可ではない,午前９時,午後４時,平日・土曜日,"敬老の日は利用可能
年末年始12月29日〜1月3日は利用不可",外部の使用も認める,35.58113908,139.4834703,,,
126,かわさき老人福祉・地域交流センター,受付,210-0026,川崎区堤根34-15,365日24時間使用可ではない,午前９時,午後９時,平日・土曜日,"敬老の日は利用可能
年末年始12月29日〜1月3日は利用不可",外部の使用も認める,35.52545711,139.692172,,,
127,さいわい健康福祉プラザ,2階湯沸室前,212-0023,幸区戸手本町1-11-5,365日24時間使用可ではない,午前９時,午後４時,平日・土曜日,"敬老の日は利用可能
年末年始12月29日〜1月3日は利用不可",外部の使用も認める,35.54385842,139.6868828,,,
128,中原老人福祉センター,受付,211-0035,中原区井田3-16-2,365日24時間使用可ではない,午前９時,午後４時,平日・土曜日,"敬老の日は利用可能
年末年始12月29日〜1月3日は利用不可",外部の使用も認める,35.56340939,139.6369685,,,
129,高津老人福祉・地域交流センター,1階事務室内,213-0013,高津区末長3-24-4,365日24時間使用可ではない,午前９時,午後９時,平日・土曜日,"敬老の日は利用可能
年末年始12月29日〜1月3日は利用不可",外部の使用も認める,35.58848861,139.6182246,,,
130,宮前老人福祉センター,1階事務室内,216-0033,宮前区宮崎2-12-29,365日24時間使用可ではない,午前９時,午後４時,平日・土曜日,"敬老の日は利用可能
年末年始12月29日〜1月3日は利用不可",外部の使用も認める,35.58656178,139.5913308,,,
131,多摩老人福祉センター,1階事務所内,214-0012,多摩区中野島5-2-30,365日24時間使用可ではない,午前９時,午後４時,平日・土曜日,"敬老の日は利用可能
年末年始12月29日〜1月3日は利用不可",外部の使用も認める,35.63018,139.5612167,,,
132,麻生老人福祉センター,1階事務室内,215-0006,麻生区金程2-8-3,365日24時間使用可ではない,午前９時,午後４時,平日・土曜日,"敬老の日は利用可能
年末年始12月29日〜1月3日は利用不可",外部の使用も認める,35.61086689,139.4990053,,,
133,百合丘老人いこいの家,受付,215-0011,麻生区百合丘2-8-2,365日24時間使用可ではない,午前９時,午後４時,平日・土曜日,"敬老の日は利用可能
年末年始12月29日〜1月3日は利用不可",外部の使用も認める,35.60283522,139.5154715,,,
134,中部リハビリテーションセンター体育館,受付カウンター上,211-0035,中原区井田3-16-1,365日24時間使用可ではない,9時00分,16時00分　(21時00分),"第２・第４
水曜以外",年末年始12/29〜1/3日は使用不可,外部の使用も認める,35.56343,139.63602,,,
135,中部地域支援室,2階事務室受付,211-0035,中原区井田3-16-1,365日24時間使用可ではない,8時30分,17時15分,平日,年末年始12/29〜1/3日は使用不可,外部の使用も認める,35.56263,139.63593,,,
136,南部地域療育センター,1階外来受付カウンター,210-0806,川崎区中島3-3-1,365日24時間使用可ではない,8時30分,17時00分,平日,,外部の使用も認める,35.52668525,139.714883,,,
137,中央療育センター（通所棟）,1階受付カウンター,211-0035,中原区井田3-16-1,365日24時間使用可ではない,8時30分,17時00分,平日及び第2･4土曜日,年末年始12月29日〜1月3日は使用不可,外部の使用も認める,35.56406381,139.6357038,,,
138,中央療育センター（入所棟）,1階玄関ホール,211-0035,中原区井田3-16-1,365日24時間使用可,-,-,-,,外部の使用も認める,35.56406586,139.6354521,,,
139,北部地域療育センター,1階職員室受付カウンター,215-0023,麻生区片平5-26-1,365日24時間使用可ではない,8時30分,17時00分,平日及び第1･3土曜日,年末年始12月29日〜1月3日は使用不可,外部の使用も認める,35.59745369,139.4922358,,,
140,総合リハビリテーション推進センター総務・判定課,2階総合リハビリテーション推進センター事務室カウンター,210-002４,川崎区日進町5-1 川崎市複合福祉センター　ふくふく２階,365日24時間使用可ではない,8時30分,17時15分,平日,,外部の使用も認める,35.526089,139.692953,,,
141,視覚障害者情報文化センター,3階事務室,210-0026,川崎区堤根34-15,365日24時間使用可ではない,9時,17時,火〜日,月曜・祝日・月曜日にあたる祝日の翌日・年末年始12月28日〜1月3日・図書整理期間は使用不可,外部の使用も認める,35.52538631,139.6921731,,,
142,聴覚障害者情報文化センター,2階事務室の近くの廊下,211-0037,川崎市中原区井田三舞町14-16,365日24時間使用可ではない,9時,21時,火〜日,"月曜・祝日・月曜日にあたる祝日の翌日・年末年始12月28日〜1月3日
",外部の使用も認める,35.56877225,139.6473417,,,
143,川崎休日急患診療所,2階診療所スペース,210-0011,川崎区富士見1-1-1,365日24時間使用可ではない,9時00分,16時00分,日・祝・年末年始,年末年始12/30-1/3の間は使用可能,外部の使用も認める,35.52942675,139.7073506,,,
144,幸休日急患診療所,1階診療所スペース,212-0005,幸区戸手2-12-12,365日24時間使用可ではない,9時00分,16時00分,日・祝・年末年始,年末年始12/30-1/3の間は使用可能,外部の使用も認める,35.54403256,139.692667,,,
145,中原休日急患診療所,2階診療所スペース,211-0063,中原区小杉町3-26-7 医師会館内,365日24時間使用可ではない,9時00分,16時00分,日・祝・年末年始,年末年始12/30-1/3の間は使用可能,外部の使用も認める,35.57590161,139.6547914,,,
146,高津休日急患診療所,1階診療所スペース,213-0001,高津区溝口5-15-5,365日24時間使用可ではない,9時00分,16時00分,日・祝・年末年始,年末年始12/30-1/3の間は使用可能,外部の使用も認める,35.60763225,139.6141511,,,
147,宮前休日急患診療所,1階診療所スペース,216-0002,宮前区東有馬2-13-3,365日24時間使用可ではない,9時00分,16時00分,日・祝・年末年始,年末年始12/30-1/3の間は使用可能,外部の使用も認める,35.57701744,139.59477,,,
148,多摩休日夜間急患診療所,1階診療所スペース,214-0014,多摩区登戸1775-1 多摩区総合庁舎内,365日24時間使用可ではない,9時00分,16時00分,日・祝・年末年始,夜間18：30-は毎日使用可能,外部の使用も認める,35.61950075,139.5621855,,,
149,麻生休日急患診療所,3階診療所スペース,215-0004,麻生区万福寺1-5-3,365日24時間使用可ではない,9時00分,16時00分,日・祝・年末年始,年末年始12/30-1/3の間は使用可能,外部の使用も認める,35.60482803,139.5056041,,,
150,かわさき健康づくりセンター,1階トレーニングルーム前,210-0844,川崎区渡田新町3-2-1,365日24時間使用可ではない,9時00分,20時30分,施設営業日,日・祝は16：30閉館。月曜休館（月が祝日の場合は開館）、年末年始（12/28-1/4）使用不可,外部の使用も認める,35.52092386,139.6959801,,,
151,かわさき健康づくりセンター,2階エレベーターホール,210-0844,川崎区渡田新町3-2-1,365日24時間使用可ではない,9時00分,20時30分,施設営業日,日・祝は16：30閉館。月曜休館（月が祝日の場合は開館）、年末年始（12/28-1/4）使用不可,外部の使用も認める,35.52092386,139.6959801,,,
152,かわさき南部斎苑,事務室,210-0863,川崎区夜光3-2-7,365日24時間使用可ではない,0時00分,0時00分,-,基本的に全日利用可能。ただし、休苑日前日の午後5時から翌日午前8時30分及び1月1日から3日の午前8時30分までを除く。,外部の使用も認める,35.51691236,139.7392812,,,
153,かわさき北部斎苑,事務室,213-0033,高津区下作延6-18-1,365日24時間使用可ではない,0時00分,0時00分,-,基本的に全日利用可能。ただし、休苑日前日の午後5時から翌日午前8時30分及び1月1日から3日の午前8時30分までを除く。,外部の使用も認める,35.607295,139.6001347,,,
154,川崎市立看護大学,1階守衛室,212-0054,幸区小倉4-30-1,365日24時間使用可ではない,6時30分,22時30分,年末年始12月29日〜1月3日以外であれば使用可能,年末年始及び上記の利用時間外の対応は不可,外部の使用も認める,35.53593,139.66986,,,
155,川崎市立看護大学大学院,事務室,210-0007,川崎区駅前本町11-2,365日24時間使用可ではない,8時30分,22時30分,日曜日、祝日及び年末年始12月29日〜1月3日以外であれば使用可能,日曜日、祝日、年末年始及び上記の利用時間外の対応は不可,外部の使用も認める,35.53172777,139.6993934,,,
156,川崎市動物愛護センター,1階事務室受付,211-0013,中原区上平間1700−8,365日24時間使用可ではない,8時30分,17時15分,日〜木,金土祝、年末年始は休館,外部の使用も認める,35.55618203,139.6741798,,,
157,青少年の家,1階受付,216-0033,宮前区宮崎105-1,365日24時間使用可ではない,9時00分,21時00分,平日・土日祝,年末年始12月29日〜1月3日は使用不可。指定休館日（7月8月を除く）,外部の使用も認める,35.58754333,139.598717,,,
158,黒川青少年野外活動センター,1階受付窓口,215-0035,麻生区黒川313-9,365日24時間使用可ではない,9時00分,16時30分,平日・土日祝,年末年始12月28日〜1月4日、休所日は使用不可。,外部の使用も認める,35.61095208,139.4701962,,,
159,子ども夢パーク,1階事務所,213-0033,高津区下作延5-30-1,365日24時間使用可ではない,9時00分,21時00分,平日・土日祝,年末年始12月29日〜1月3日は使用不可。,外部の使用も認める,35.60532653,139.5972081,,,
160,旭町こども文化センター,1階事務室,210-0808,川崎区旭町2-1-5,365日24時間使用可ではない,9時30分,１８時・21時,平日・土日祝,平日・土曜日は21時まで、日曜・祝日は18時まで利用可。年末年始12月29日〜1月3日は使用不可。,外部の使用も認める,35.53088186,139.7147449,,,
161,日進町こども文化センター,3階事務室,210-0026,川崎区堤根34-15ふれあいプラザかわさき3階,365日24時間使用可ではない,9時30分,１８時・21時,平日・土日祝,平日・土曜日は21時まで、日曜・祝日は18時まで利用可。年末年始12月29日〜1月3日は使用不可。,外部の使用も認める,35.52542242,139.6921712,,,
162,渡田こども文化センター,事務室,210-0837,川崎区渡田1-15-5,365日24時間使用可ではない,9時30分,１８時・21時,平日・土日祝,平日・土曜日は21時まで、日曜・祝日は18時まで利用可。年末年始12月29日〜1月3日は使用不可。,外部の使用も認める,35.52259847,139.7084779,,,
163,大師こども文化センター,2階事務室,210-0815,川崎区大師公園1-4,365日24時間使用可ではない,9時30分,１８時・21時,平日・土日祝,平日・土曜日は21時まで、日曜・祝日は18時まで利用可。年末年始12月29日〜1月3日は使用不可。,外部の使用も認める,35.53247342,139.7334131,,,
164,藤崎こども文化センター,2階事務室,210-0804,川崎区藤崎4-17-6,365日24時間使用可ではない,9時30分,１８時・21時,平日・土日祝,平日・土曜日は21時まで、日曜・祝日は18時まで利用可。年末年始12月29日〜1月3日は使用不可。,外部の使用も認める,35.52507783,139.7216732,,,
165,殿町こども文化センター,事務室,210-0821,川崎区殿町1-18-13,365日24時間使用可ではない,9時30分,１８時・21時,平日・土日祝,平日・土曜日は21時まで、日曜・祝日は18時まで利用可。年末年始12月29日〜1月3日は使用不可。,外部の使用も認める,35.53848425,139.7461883,,,
166,田島こども文化センター,2階事務室,210-0853,川崎区田島町20-23,365日24時間使用可ではない,9時30分,１８時・21時,平日・土日祝,平日・土曜日は21時まで、日曜・祝日は18時まで利用可。年末年始12月29日〜1月3日は使用不可。,外部の使用も認める,35.51572183,139.7116515,,,
167,浅田こども文化センター,事務室,210-0847,川崎区浅田3-7-10,365日24時間使用可ではない,9時30分,１８時・21時,平日・土日祝,平日・土曜日は21時まで、日曜・祝日は18時まで利用可。年末年始12月29日〜1月3日は使用不可。,外部の使用も認める,35.50845231,139.7010542,,,
168,小田こども文化センター,2階事務室,210-0846,川崎区小田2-16-9,365日24時間使用可ではない,9時30分,１８時・21時,平日・土日祝,平日・土曜日は21時まで、日曜・祝日は18時まで利用可。年末年始12月29日〜1月3日は使用不可。,外部の使用も認める,35.514395,139.7018571,,,
169,ふれあい館・桜本こども文化センター,1階事務室,210-0833,川崎区桜本1-5-6,365日24時間使用可ではない,9時30分,１８時・21時,平日と土日祝,平日は9：30〜21時使用可能　日祝は9：30〜18時使用可能　年末年始（12月29日〜1月3日使用不可）,外部の使用も認める,35.51898669,139.7210124,,,
170,南河原こども文化センター,1階事務室,212-0021,幸区都町74-2,365日24時間使用可ではない,9時30分,１８時・21時,平日・土日祝,平日・土曜日は21時まで、日曜・祝日は18時まで利用可。年末年始12月29日〜1月3日は使用不可。,外部の使用も認める,35.53759903,139.6894711,,,
171,小倉こども文化センター,2階事務室,212-0054,幸区小倉5-17-59,365日24時間使用可ではない,9時30分,１８時・21時,平日・土日祝,平日・土曜日は21時まで、日曜・祝日は18時まで利用可。年末年始12月29日〜1月3日は使用不可。,外部の使用も認める,35.53806106,139.6661108,,,
172,幸こども文化センター,2階事務室,212-0023,幸区戸手本町1-11-5,365日24時間使用可ではない,9時30分,１８時・21時,平日・土日祝,平日・土曜日は21時まで、日曜・祝日は18時まで利用可。年末年始12月29日〜1月3日は使用不可。,外部の使用も認める,35.54385831,139.686789,,,
173,下平間こども文化センター,事務室,212-0053,幸区下平間70-1,365日24時間使用可ではない,9時30分,１８時・21時,平日・土日祝,平日・土曜日は21時まで、日曜・祝日は18時まで利用可。年末年始12月29日〜1月3日は使用不可。,外部の使用も認める,35.55234317,139.6770757,,,
174,南加瀬こども文化センター,2階事務室,212-0055,幸区南加瀬2-19-3,365日24時間使用可ではない,9時30分,１８時・21時,平日・土日祝,平日・土曜日は21時まで、日曜・祝日は18時まで利用可。年末年始12月29日〜1月3日は使用不可。,外部の使用も認める,35.54572664,139.6639033,,,
175,北加瀬こども文化センター,事務室,212-0057,幸区北加瀬2-12-12,365日24時間使用可ではない,9時30分,１８時・21時,平日・土日祝,平日・土曜日は21時まで、日曜・祝日は18時まで利用可。年末年始12月29日〜1月3日は使用不可。,外部の使用も認める,35.55068594,139.6622488,,,
176,新丸子こども文化センター,事務室,211-0005,中原区新丸子町691-7,365日24時間使用可ではない,9時30分,１８時・21時,平日・土日祝,平日・土曜日は21時まで、日曜・祝日は18時まで利用可。年末年始12月29日〜1月3日は使用不可。,外部の使用も認める,35.58190703,139.6618684,,,
177,住吉こども文化センター,事務室,211-0033,中原区木月祗園町17-6,365日24時間使用可ではない,9時30分,１８時・21時,平日・土日祝,平日・土曜日は21時まで、日曜・祝日は18時まで利用可。年末年始12月29日〜1月3日は使用不可。,外部の使用も認める,35.56904447,139.652983,,,
178,井田こども文化センター,事務室,211-0036,中原区井田杉山町16-38,365日24時間使用可ではない,9時30分,１８時・21時,平日・土日祝,平日・土曜日は21時まで、日曜・祝日は18時まで利用可。年末年始12月29日〜1月3日は使用不可。,外部の使用も認める,35.56859114,139.6413129,,,
179,平間こども文化センター,事務室,211-0013,中原区上平間1323,365日24時間使用可ではない,9時30分,１８時・21時,平日・土日祝,平日・土曜日は21時まで、日曜・祝日は18時まで利用可。年末年始12月29日〜1月3日は使用不可。,外部の使用も認める,35.55828544,139.6778541,,,
180,玉川こども文化センター,事務室,211-0016,中原区市ノ坪464-2,365日24時間使用可ではない,9時30分,１８時・21時,平日・土日祝,平日・土曜日は21時まで、日曜・祝日は18時まで利用可。年末年始12月29日〜1月3日は使用不可。,外部の使用も認める,35.56476983,139.6668466,,,
181,西加瀬こども文化センター,2階事務室,211-0024,中原区西加瀬10-5,365日24時間使用可ではない,9時30分,１８時・21時,平日・土日祝,平日・土曜日は21時まで、日曜・祝日は18時まで利用可。年末年始12月29日〜1月3日は使用不可。,外部の使用も認める,35.56170431,139.6605988,,,
182,新城こども文化センター,2階事務室,211-0042,中原区下新城1-2-4,365日24時間使用可ではない,9時30分,１８時・21時,平日・土日祝,平日・土曜日は21時まで、日曜・祝日は18時まで利用可。年末年始12月29日〜1月3日は使用不可。,外部の使用も認める,35.58024453,139.634192,,,
183,大戸こども文化センター,事務室,211-0053,中原区上小田中2-24-1,365日24時間使用可ではない,9時30分,１８時・21時,平日・土日祝,平日・土曜日は21時まで、日曜・祝日は18時まで利用可。年末年始12月29日〜1月3日は使用不可。,外部の使用も認める,35.58671597,139.637201,,,
184,宮内こども文化センター,事務室,211-0051,中原区宮内3-4-3,365日24時間使用可ではない,9時30分,１８時・21時,平日・土日祝,平日・土曜日は21時まで、日曜・祝日は18時まで利用可。年末年始12月29日〜1月3日は使用不可。,外部の使用も認める,35.590187,139.64542,,,
185,上作延こども文化センター,2階事務室,213-0034,高津区上作延5-26-55,365日24時間使用可ではない,9時30分,１８時・21時,平日・土日祝,平日・土曜日は21時まで、日曜・祝日は18時まで利用可。年末年始12月29日〜1月3日は使用不可。,外部の使用も認める,35.596141,139.6001368,,,
186,高津こども文化センター,事務室,213-0001,高津区溝口3-10-8,365日24時間使用可ではない,9時30分,１８時・21時,平日・土日祝,平日・土曜日は21時まで、日曜・祝日は18時まで利用可。年末年始12月29日〜1月3日は使用不可。,外部の使用も認める,35.60328158,139.6142939,,,
187,二子こども文化センター,事務室,213-0002,高津区二子5-14-61,365日24時間使用可ではない,9時30分,１８時・21時,平日・土日祝,平日・土曜日は21時まで、日曜・祝日は18時まで利用可。年末年始12月29日〜1月3日は使用不可。,外部の使用も認める,35.60147086,139.6189273,,,
188,東高津こども文化センター,2階事務室,213-0006,高津区下野毛1-3-2,365日24時間使用可ではない,9時30分,１８時・21時,平日・土日祝,平日・土曜日は21時まで、日曜・祝日は18時まで利用可。年末年始12月29日〜1月3日は使用不可。,外部の使用も認める,35.597443,139.6366487,,,
189,末長こども文化センター,2階事務室,213-0013,高津区末長3-25-8,365日24時間使用可ではない,9時30分,１８時・21時,平日・土日祝,平日・土曜日は21時まで、日曜・祝日は18時まで利用可。年末年始12月29日〜1月3日は使用不可。,外部の使用も認める,35.58934344,139.6201765,,,
190,子母口こども文化センター,2階事務室,213-0023,高津区子母口983,365日24時間使用可ではない,9時30分,１８時・21時,平日・土日祝,平日・土曜日は21時まで、日曜・祝日は18時まで利用可。年末年始12月29日〜1月3日は使用不可。,外部の使用も認める,35.56985008,139.6276714,,,
191,梶ケ谷こども文化センター,事務室,213-0015,高津区梶ケ谷6-1-10,365日24時間使用可ではない,9時30分,１８時・21時,平日・土日祝,平日・土曜日は21時まで、日曜・祝日は18時まで利用可。年末年始12月29日〜1月3日は使用不可。,外部の使用も認める,35.58451294,139.6073636,,,
192,宮崎こども文化センター,事務室,216-0033,宮前区宮崎1-7,365日24時間使用可ではない,9時30分,１８時・21時,平日・土日祝,平日・土曜日は21時まで、日曜・祝日は18時まで利用可。年末年始12月29日〜1月3日は使用不可。,外部の使用も認める,35.58491814,139.5925587,,,
193,有馬こども文化センター,2階事務室,216-0003,宮前区有馬4-5-2,365日24時間使用可ではない,9時30分,１８時・21時,平日・土日祝,平日・土曜日は21時まで、日曜・祝日は18時まで利用可。年末年始12月29日〜1月3日は使用不可。,外部の使用も認める,35.57682886,139.5829887,,,
194,野川こども文化センター,2階事務室,216-0043,宮前区野川台1-25-23,365日24時間使用可ではない,9時30分,１８時・21時,平日・土日祝,平日・土曜日は21時まで、日曜・祝日は18時まで利用可。年末年始12月29日〜1月3日は使用不可。,外部の使用も認める,35.57352672,139.6025393,,,
195,宮前平こども文化センター,事務室,216-0033,宮前区宮崎6-2,365日24時間使用可ではない,9時30分,１８時・21時,平日・土日祝,平日・土曜日は21時まで、日曜・祝日は18時まで利用可。年末年始12月29日〜1月3日は使用不可。,外部の使用も認める,35.59181606,139.58433,,,
196,平こども文化センター,2階事務室,216-0022,宮前区平2-13-1,365日24時間使用可ではない,9時30分,１８時・21時,平日・土日祝,平日・土曜日は21時まで、日曜・祝日は18時まで利用可。年末年始12月29日〜1月3日は使用不可。,外部の使用も認める,35.6018785,139.5749177,,,
197,白幡台こども文化センター,2階事務室,216-0025,宮前区白幡台1-13-1,365日24時間使用可ではない,9時30分,１８時・21時,平日・土日祝,平日・土曜日は21時まで、日曜・祝日は18時まで利用可。年末年始12月29日〜1月3日は使用不可。,外部の使用も認める,35.59779208,139.5679268,,,
198,菅生こども文化センター,事務室,216-0014,宮前区菅生ケ丘13-2,365日24時間使用可ではない,9時30分,１８時・21時,平日・土日・祝日,平日・土曜日は21時まで、日曜・祝日は18時まで利用可。年末年始12月29日〜1月3日は使用不可。,外部の使用も認める,35.59786417,139.5446735,,,
199,蔵敷こども文化センター,事務室,216-0015,宮前区菅生5-3-21,365日24時間使用可ではない,9時30分,１８時・21時,平日・土日・祝日,平日・土曜日は21時まで、日曜・祝日は18時まで利用可。年末年始12月29日〜1月3日は使用不可。,外部の使用も認める,35.59492686,139.5560003,,,
200,枡形こども文化センター,2階事務室,214-0032,多摩区枡形6-3-1,365日24時間使用可ではない,9時30分,１８時・21時,平日・土日祝,平日・土曜日は21時まで、日曜・祝日は18時まで利用可。年末年始12月29日〜1月3日は使用不可。,外部の使用も認める,35.61406181,139.5609499,,,
201,長尾こども文化センター,2階事務室,214-0023,多摩区長尾1-12-7,365日24時間使用可ではない,9時30分,１８時・21時,平日・土日祝,平日・土曜日は21時まで、日曜・祝日は18時まで利用可。年末年始12月29日〜1月3日は使用不可。,外部の使用も認める,35.61153825,139.5747936,,,
202,錦ケ丘こども文化センター,2階事務室,214-0039,多摩区栗谷3-28-2,365日24時間使用可ではない,9時30分,１８時・21時,平日・土日祝,平日・土曜日は21時まで、日曜・祝日は18時まで利用可。年末年始12月29日〜1月3日は使用不可。,外部の使用も認める,35.61300694,139.5354635,,,
203,三田こども文化センター,事務室,214-0034,多摩区三田3-7-4,365日24時間使用可ではない,9時30分,１８時・21時,平日・土日祝,平日・土曜日は21時まで、日曜・祝日は18時まで利用可。年末年始12月29日〜1月3日は使用不可。,外部の使用も認める,35.60966167,139.5469886,,,
204,菅こども文化センター,2階事務室,214-0008,多摩区菅北浦3-11-1,365日24時間使用可ではない,9時30分,１８時・21時,平日・土日祝,平日・土曜日は21時まで、日曜・祝日は18時まで利用可。年末年始12月29日〜1月3日は使用不可。,外部の使用も認める,35.63109794,139.5313649,,,
205,中野島こども文化センター,事務室,214-0012,多摩区中野島4-22-7,365日24時間使用可ではない,9時30分,１８時・21時,平日・土日祝,平日・土曜日は21時まで、日曜・祝日は18時まで利用可。年末年始12月29日〜1月3日は使用不可。,外部の使用も認める,35.62834722,139.5593618,,,
206,南菅こども文化センター,2階事務室,214-0004,多摩区菅馬場3-26-1,365日24時間使用可ではない,9時30分,１８時・21時,平日・土日祝,平日・土曜日は21時まで、日曜・祝日は18時まで利用可。年末年始12月29日〜1月3日は使用不可。,外部の使用も認める,35.62287697,139.5332521,,,
207,百合丘こども文化センター,1階事務室,215-0011,麻生区百合丘1-11-2,365日24時間使用可ではない,9時30分,１８時・21時,平日・土日祝,平日・土曜日は21時まで、日曜・祝日は18時まで利用可。年末年始12月29日〜1月3日は使用不可。,外部の使用も認める,35.60606322,139.5172474,,,
208,東百合丘こども文化センター,事務室,215-0012,麻生区東百合丘3-1-10,365日24時間使用可ではない,9時30分,１８時・21時,平日・土日祝,平日・土曜日は21時まで、日曜・祝日は18時まで利用可。年末年始12月29日〜1月3日は使用不可。,外部の使用も認める,35.59475653,139.5228421,,,
209,千代ケ丘こども文化センター,事務室,215-0005,麻生区千代ケ丘1-20-60,365日24時間使用可ではない,9時30分,１８時・21時,平日・土日祝,平日・土曜日は21時まで、日曜・祝日は18時まで利用可。年末年始12月29日〜1月3日は使用不可。,外部の使用も認める,35.60949867,139.5064574,,,
210,王禅寺こども文化センター,2階事務室,215-0018,麻生区王禅寺東5-32-15,365日24時間使用可ではない,9時30分,１８時・21時,平日・土日祝,平日・土曜日は21時まで、日曜・祝日は18時まで利用可。年末年始12月29日〜1月3日は使用不可。,外部の使用も認める,35.58156178,139.5125829,,,
211,虹ケ丘こども文化センター,事務室,215-0015,麻生区虹ケ丘1-22-1,365日24時間使用可ではない,9時30分,１８時・21時,平日・土日祝,平日・土曜日は21時まで、日曜・祝日は18時まで利用可。年末年始12月29日〜1月3日は使用不可。,外部の使用も認める,35.58004636,139.5203265,,,
212,柿生こども文化センター,事務室,215-0021,麻生区上麻生7-18-32,365日24時間使用可ではない,9時30分,１８時・21時,平日・土日祝,平日・土曜日は21時まで、日曜・祝日は18時まで利用可。年末年始12月29日〜1月3日は使用不可。,外部の使用も認める,35.58083275,139.5016468,,,
213,白山こども文化センター,2階事務室,215-0014,麻生区白山4-2-2,365日24時間使用可ではない,9時30分,１８時・21時,平日・土日祝,平日・土曜日は21時まで、日曜・祝日は18時まで利用可。年末年始12月29日〜1月3日は使用不可。,外部の使用も認める,35.59054642,139.5099925,,,
214,麻生こども文化センター,2階事務室,215-0021,麻生区上麻生4-32-2,365日24時間使用可ではない,9時30分,１８時・21時,平日・土日祝,平日・土曜日は21時まで、日曜・祝日は18時まで利用可。年末年始12月29日〜1月3日は使用不可。,外部の使用も認める,35.59499953,139.5037896,,,
215,片平こども文化センター,2階事務室,215-0023,麻生区片平5-25-1,365日24時間使用可ではない,9時30分,１８時・21時,平日・土日・祝日,平日・土曜日は21時まで、日曜・祝日は18時まで利用可。年末年始12月29日〜1月3日は使用不可。,外部の使用も認める,35.59764894,139.4917305,,,
216,岡上こども文化センター,2階事務室,215-0027,麻生区岡上3-13-3,365日24時間使用可ではない,9時30分,１８時・21時,平日・土日・祝日,平日・土曜日は21時まで、日曜・祝日は18時まで利用可。年末年始12月29日〜1月3日は使用不可。,外部の使用も認める,35.58117236,139.4834702,,,
217,小杉こども文化センター,事務室,211-0063,中原区小杉町3-600コスギサードアベニュー３階,365日24時間使用可ではない,9時30分,１８時・21時,平日・土日祝,平日・土曜日は21時まで、日曜・祝日は18時まで利用可。年末年始12月29日〜1月3日は使用不可。,外部の使用も認める,35.57585,139.65846,,,
218,川崎区保育・子育て総合支援センター,1階保育園側エントランス（事務室前）,210-0834,川崎区大島4-17-2,365日24時間使用可ではない,7時,(平日)20時,日祝日を除く,土曜日は18：30まで利用可,外部の使用も認める,35.52362,139.71482,,,
219,東小田保育園,玄関,210-0846,川崎区小田5-14-1,365日24時間使用可ではない,7時,(平日)20時,日祝日を除く,土曜日は18：30まで利用可,外部の使用も認める,35.51154131,139.706937,,,
220,藤崎保育園,1階事務室前,210-0804,川崎区藤崎1-7-1,365日24時間使用可ではない,7時,(平日)20時,日祝日を除く,土曜日は18：30まで利用可,外部の使用も認める,35.53069475,139.7192976,,,
221,古川保育園,事務室入口,212-0025,幸区古川町120番地,365日24時間使用可ではない,7時,(平日)20時,日祝日を除く,土曜日は18：30まで利用可,外部の使用も認める,35.54452364,139.6837907,,,
222,幸区河原町1(仮設園舎),1階玄関,212-0007,幸区河原町1,365日24時間使用可ではない,7時,(平日)20時,日祝日を除く,土曜日は18：30まで利用可,外部の使用も認める,35.54092236,139.6928339,,,
223,夢見ヶ崎保育園,1階事務室内,212-0055,幸区南加瀬3-4-8,365日24時間使用可ではない,7時,(平日)20時,日祝日を除く,土曜日は18：30まで利用可,外部の使用も認める,35.54509594,139.6647931,,,
224,中丸子保育園,玄関乳児入口横,211-0012,中原区中丸子1155,365日24時間使用可ではない,7時,(平日)20時,日祝日を除く,土曜日は18：30まで利用可,外部の使用も認める,35.57117644,139.6716185,,,
225,中原区保育・子育て総合支援センター,1階事務室前,211-0062,中原区小杉陣屋町２−３−１,365日24時間使用可ではない,7時,(平日)20時,日祝日を除く,土曜日は18：30まで利用可,外部の使用も認める,35.58255822,139.655909,,,
226,下小田中保育園,1階事務室前,211-0041,中原区下小田中4-4-17,365日24時間使用可ではない,7時,(平日)20時,日祝日を除く,土曜日は18：30まで利用可,外部の使用も認める,35.57745456,139.6389943,,,
227,蟹ケ谷保育園,玄関,213-0025,高津区蟹ケ谷339,365日24時間使用可ではない,7時,(平日)20時,日祝日を除く,土曜日は18：30まで利用可,外部の使用も認める,35.56772081,139.6330953,,,
228,津田山保育園,1階事務室内,213-0033,高津区下作延5-1-10,365日24時間使用可ではない,7時,(平日)20時,日祝日を除く,土曜日は18：30まで利用可,外部の使用も認める,35.60249358,139.6020894,,,
229,梶ケ谷保育園,玄関,213-0015,高津区梶ケ谷5-8-2,365日24時間使用可ではない,7時,(平日)20時,日祝日を除く,土曜日は18：30まで利用可,外部の使用も認める,35.58322047,139.6062832,,,
230,菅生保育園,事務室脇,216-0026,宮前区初山1-23-15,365日24時間使用可ではない,7時,(平日)20時,日祝日を除く,土曜日は18：30まで利用可,外部の使用も認める,35.59678256,139.5611773,,,
231,中有馬保育園,玄関,216-0003,宮前区有馬3-2-10,365日24時間使用可ではない,7時,(平日)20時,日祝日を除く,土曜日は18：30まで利用可,外部の使用も認める,35.57766553,139.5853156,,,
232,宮前区保育・子育て総合支援センター,玄関,216-0005,宮前区土橋2-14-1,365日24時間使用可ではない,7時,(平日)20時,日祝日を除く,土曜日は18：30まで利用可,外部の使用も認める,35.58587343,139.5734859,,,
233,生田保育園,事務室入口脇,214-0037,多摩区西生田3-15-10,365日24時間使用可ではない,7時,(平日)20時,日祝日を除く,土曜日は18：30まで利用可,外部の使用も認める,35.61197964,139.5287423,,,
234,菅保育園,事務室前廊下,214-0001,多摩区菅1-5-24,365日24時間使用可ではない,7時,(平日)20時,日祝日を除く,土曜日は18：30まで利用可,外部の使用も認める,35.63260947,139.5362669,,,
235,多摩区保育子育て・総合支援センター土渕保育園,玄関,214-0038,多摩区生田2-14-5,365日24時間使用可ではない,7時,(平日)20時,日祝日を除く,土曜日は18：30まで利用可,外部の使用も認める,35.62301733,139.549055,,,
236,上麻生保育園,玄関,215-0021,麻生区上麻生7-2-35,365日24時間使用可ではない,7時,(平日)20時,日祝日を除く,土曜日は18：30まで利用可,外部の使用も認める,35.58269036,139.4980828,,,
237,高石保育園,1階廊下（非常ベル上）,215-0003,麻生区高石1-14-15,365日24時間使用可ではない,7時,(平日)20時,日祝日を除く,土曜日は18：30まで利用可,外部の使用も認める,35.61021525,139.5142237,,,
238,白山保育園,事務室斜め前の階段の正面,215-0014,麻生区白山4-2-1,365日24時間使用可ではない,7時,(平日)20時,日祝日を除く,土曜日は18：30まで利用可,外部の使用も認める,35.59009983,139.5101679,,,
239,中部児童相談所,事務室入口,213-0011,高津区久本１丁目４番１号,365日24時間使用可ではない,8時30分,17時15分,開庁曜日・時間のみ,閉庁時間は使用不可,外部の使用も認める,35.59762094,139.6100195,,,
240,生田緑地ばら苑,管理事務所,214-0023,多摩区長尾2-8-1,365日24時間使用可ではない,10時00分,16時30分,下記の通り,バラ苑開催期間中のみ（開催中は休苑日なし）,外部の使用も認める,35.60839042,139.5686775,,,
241,川崎富士見球技場,バックスタンド1階,210-0011,川崎区富士見2丁目,365日24時間使用可ではない,9時00分,22時00分,月〜日,年末年始（12月29日〜1月４日）は使用不可,外部の使用も認める,35.52681544,139.7092189,,,
242,川崎国際生田緑地ゴルフ場,コース売店横,214-0032,多摩区枡形7-1-10,365日24時間使用可ではない,8時00分,16時00分,月〜日,元日は使用不可,外部の使用も認める,35.60752617,139.5554596,,,
243,川崎国際生田緑地ゴルフ場,クラブハウス内,214-0032,多摩区枡形7-1-10,365日24時間使用可ではない,7時00分,17時00分,月〜日,元日は使用不可,外部の使用も認める,35.60752617,139.5554596,,,
244,生田緑地整備事務所,1階事務室内,214-0032,多摩区枡形6-26-1,365日24時間使用可ではない,8時30分,17時00分,下記の通り,年末年始は使用不可,外部の使用も認める,35.60958394,139.5581422,,,
245,生田緑地東口ビジターセンター,生田緑地ビジターセンター事務所入口脇,214-0032,多摩区枡形7-1-4,365日24時間使用可ではない,8時30分,17時00分,下記の通り,年末年始は使用不可,外部の使用も認める,35.6098325,139.5625084,,,
246,早野聖地公園,管理事務所内,215-0016,麻生区早野732,365日24時間使用可ではない,8時30分,17時30分,下記の通り,年末年始(12月29日〜1月3日)は使用不可,外部の使用も認める,35.57250808,139.5192074,,,
247,緑ヶ丘霊園,管理事務所内,213-0033,高津区下作延1241,365日24時間使用可ではない,8時30分,17時30分,下記の通り,年末年始(12月29日〜1月3日)は使用不可,外部の使用も認める,35.60232689,139.5989498,,,
248,夢見ヶ崎動物公園,事務所棟,212-0055,幸区南加瀬1-2-1,365日24時間使用可ではない,8時30分,17時15分,,,外部の使用も認める,35.54921658,139.6650852,,,
249,武蔵小杉駅周辺自転車等駐車場第5施設,管理室横,211-0004,中原区新丸子東3丁目 地下,365日24時間使用可ではない,4時30分,1時30分,毎日,,外部の使用も認める,35.57586061,139.6600306,,,
250,登戸駅周辺自転車等駐車場第5施設,管理室横,214-0014,多摩区登戸3422-4,365日24時間使用可,-,-,-,,外部の使用も認める,35.62126414,139.5690908,,,
251,多摩川緑地パークボール場,管理事務所,213-0031,高津区宇奈根・久地地内,365日24時間使用可ではない,11月から3月　9:00,11月から3月　16:00,休場日（月曜）以外,4月〜10月は8:00〜17：00まで利用可,外部の使用も認める,35.61454181,139.6058782,,,
252,多摩川緑地バーベキュー広場,管理事務所,213-0003,高津区瀬田地先,365日24時間使用可,-,-,-,24時間体制で警備員を配置しているため、施設の利用時間外は警備員が対応,外部の使用も認める,35.60805153,139.6242057,,,
253,大師河原水防センター,館内・受付,210-0811,川崎区大師河原1-1-15,365日24時間使用可ではない,10時00分,16時00分,休館日（月、火、金曜、年末年始）以外,,外部の使用も認める,35.53998586,139.7369238,,,
254,二ヶ領せせらぎ館,館内・受付,214-0021,多摩区宿河原1-5-1,365日24時間使用可ではない,"５月から８月の土・日・祝日は　９：００から、それ以外は１０：００から
",16時00分,休館日（月、第１・３水曜、年末年始）以外,,外部の使用も認める,35.62052192,139.5750988,,,
255,緑化センター,1階事務室内,214-0021,多摩区宿河原6-14-1,365日24時間使用可ではない,9時00分,16時00分,月以外,年末年始（12月29日〜1月3日）は使用不可,施設利用者・職員のみ,35.613,139.58432,,,
256,川崎駅東口周辺自転車等駐車場第2施設,管理室内,210-0024,川崎区日進町28番3,365日24時間使用可ではない,6時30分,20時00分,月曜〜土曜日,,外部の使用も認める,35.529486,139.697649,,,
257,川崎駅東口周辺自転車等駐車場第8施設,管理室内,210-0004,川崎区宮本町2番3,365日24時間使用可ではない,6時30分,20時00分,月曜〜日曜日,,外部の使用も認める,35.5317321,139.7028004,,,
258,川崎駅東口周辺自転車等駐車場第11施設,管理室内,210-0024,川崎区日進町28番1,365日24時間使用可ではない,6時30分,20時00分,月曜〜土曜日,,外部の使用も認める,35.52812176,139.6963623,,,
259,川崎駅西口周辺自転車等駐車場第2施設,管理室内,212-0014,幸区大宮町6番19,365日24時間使用可ではない,6時30分,20時00分,月曜〜土曜日,,外部の使用も認める,35.53107213,139.6935106,,,
260,新川崎駅周辺自転車等駐車場第6施設,管理室内,212-0058,幸区鹿島田1丁目4番26号,365日24時間使用可ではない,6時30分,20時00分,月曜〜土曜日,,外部の使用も認める,35.55098157,139.6725944,,,
261,武蔵溝ノ口駅南口周辺自転車等駐車場第４施設,地下管理室横,213-0011,高津区久本1丁目4番19号,365日24時間使用可ではない,4時30分,1時30分,,,外部の使用も認める,35.59884718,139.6099314,,,
262,富士見公園アメニティ施設,アメニティ施設内,210-0011,川崎区富士見2丁目,365日24時間使用可ではない,8時00分,21時00分,月〜日,年末年始（12月29日〜1月４日）は使用不可,外部の使用も認める,35.52756896,139.711814,,,
263,富士見公園パークセンター,パークセンター内,210-0011,川崎区富士見2丁目,365日24時間使用可ではない,9時00分,22時00分,月〜日,年末年始（12月29日〜1月４日）は使用不可,外部の使用も認める,35.527868,139.709012,,,
264,港湾振興会館（川崎マリエン),港湾振興会館交流棟1階,210-0869,川崎区東扇島38-1,365日24時間使用可,-,-,-,"指定管理者あて連絡
287-6006、287-6013
（閉館時は守衛に声掛け必須）",外部の使用も認める,35.49680617,139.7635863,,,
265,港湾振興会館（川崎マリエン）,港湾振興会館業務棟1階,210-0869,川崎区東扇島３８−１,365日24時間使用可,-,-,-,"指定管理者あて連絡
287-6006、287-6013
（閉館時は守衛に声掛け必須）",外部の使用も認める,35.49680617,139.7635863,,,
266,東扇島東公園,東公園管理事務所,210-0869,川崎区東扇島58-1,365日24時間使用可ではない,8時30分,18時00分,-,年末年始（１２月２９日〜１月３日）以外の管理事務所開所時間に使用可能,外部の使用も認める,35.50321114,139.769709,,,
267,川崎区役所,1階ロビー,210-8570,川崎区東田町8,365日24時間使用可,-,-,-,閉庁時は、守衛室に声かけ,外部の使用も認める,35.52968992,139.7039305,,,
268,東海道かわさき宿交流館,4階事務室,210-0001,川崎区本町1-8-4,365日24時間使用可ではない,8時30分,21時00分,年末年始以外対応可能,年末年始（12月29日〜1月3日）は使用不可,外部の使用も認める,35.53236933,139.7029979,,,
269,カルッツかわさき,1階総合受付,210-0011,川崎区富士見1-1-4,365日24時間使用可ではない,9時00分,21時30分,休館日以外,,外部の使用も認める,35.52967481,139.7088019,,,
270,カルッツかわさき,地下1階スポーツ棟受付,210-0011,川崎区富士見1-1-4,365日24時間使用可ではない,9時00分,21時30分,休館日以外,,外部の使用も認める,35.52967481,139.7088019,,,
271,カルッツかわさき,１階ホール側舞台　事務所内,210-0011,川崎区富士見1-1-4,365日24時間使用可ではない,9時00分,21時30分,休館日以外,,外部の使用も認める,35.52967481,139.7088019,,,
272,カルッツかわさき,４階弓道場自販機横,210-0011,川崎区富士見1-1-4,365日24時間使用可ではない,9時00分,21時30分,休館日以外,,外部の使用も認める,35.52967481,139.7088019,,,
273,カルッツかわさき,１F総合受付,210-0011,川崎市川崎区富士見1−1−4,365日24時間使用可ではない,9時00分,21時30分,休館日以外,,外部の使用も認める,35.52967481,139.7088019,,,
274,カルッツかわさき,B1F受付,210-0011,川崎市川崎区富士見1−1−4,365日24時間使用可ではない,9時00分,21時30分,休館日以外,,外部の使用も認める,35.52967481,139.7088019,,,
275,教育文化会館,1階受付前,210-0011,川崎区富士見2-1-3,365日24時間使用可ではない,8時30分,21時30分,下記以外,休館日（第3月曜日（祝日の場合は翌営業日））、年末年始（12月29日から1月3日）は使用不可,外部の使用も認める,35.52879233,139.7077861,,,
276,教育文化会館大師分館,2階事務室前,210-0802,川崎区大師駅前1-1-5,365日24時間使用可ではない,8時30分,21時00分,下記以外,休館日（第3月曜日（祝日の場合は翌営業日））、年末年始（12月29日から1月3日）は使用不可,外部の使用も認める,35.53421719,139.7253045,,,
277,教育文化会館田島分館,4階ロビー,210-0835,川崎区追分町16-1 カルナーザ川崎4階,365日24時間使用可ではない,8時30分,21時00分,下記以外,休館日（第3月曜日（祝日の場合は翌営業日））、年末年始（12月29日から1月3日）は使用不可,外部の使用も認める,35.51905231,139.7165599,,,
278,川崎区役所大師支所仮庁舎,1階ホール,210-0814,川崎区台町26-7,365日24時間使用可ではない,8時30分,17時00分,月〜金,祝日、休日、年末年始（12月29日から1月3日まで）は除く。,外部の使用も認める,35.5319709,139.7339802,,,
279,川崎区役所田島支所仮庁舎,１階総合案内,210-0853,川崎区田島町20-23,365日24時間使用可ではない,8時30分,17時00分,月〜金,祝日、休日、年末年始（12月29日から1月3日まで）は除く。,外部の使用も認める,35.5157157,139.7115388,,,
280,川崎駅中央通路,中央監視室,210-0007,川崎区駅前本町,365日24時間使用可,-,-,-,,外部の使用も認める,35.53122906,139.6962914,,,
281,川崎駅中央通路,北口監視室,210-0007,川崎区駅前本町,365日24時間使用可,-,-,-,,外部の使用も認める,35.53122906,139.6962914,,,
282,大師公園,管理事務所,210-0815,川崎区大師公園1,365日24時間使用可ではない,8時30分,20時30分,-,野球場利用時間内（時期により変更あり）,外部の使用も認める,35.53142339,139.730219,,,
283,川崎区役所道路公園センター,１階受付,210-0834,川崎区大島1-25-10,365日24時間使用可ではない,8時30分,17時15分,平日,,外部の使用も認める,35.52605,139.71277,,,
284,桜川球場,事務所,210-0833,川崎区桜本1-14-3,365日24時間使用可ではない,8時00分,18時00分,-,野球場利用時間内（時期により変更あり）,外部の使用も認める,35.51904667,139.7225725,,,
285,小田球場,事務所,210-0846,川崎区小田4-20-38,365日24時間使用可,-,-,-,,外部の使用も認める,35.50942989,139.6986489,,,
286,池上新田球場,事務所,210-0864,川崎区池上町1-3,365日24時間使用可ではない,8時00分,18時00分,-,野球場利用時間内（時期により変更あり）,外部の使用も認める,35.52072519,139.7316372,,,
287,幸区役所,1階総合案内,212-8570,幸区戸手本町1-11-1,365日24時間使用可,-,-,-,,外部の使用も認める,35.54445,139.68688,,,
288,幸スポーツセンター,1階受付,212-0023,幸区戸手本町1-11-3,365日24時間使用可ではない,9時00分,21時30分,毎月第4月曜と年末年始以外,,外部の使用も認める,35.54476392,139.6864727,,,
289,石川記念武道館,1階事務室,212-0053,幸区下平間357,365日24時間使用可ではない,9時00分,21時30分,毎月第4月曜と年末年始以外,,外部の使用も認める,35.54868167,139.6859737,,,
290,日吉合同庁舎,1階正面玄関脇,212-0055,幸区南加瀬1-7-17,365日24時間使用可ではない,8時30分,"21時、
日吉分館の休館日は17時",12月29日〜1月3日を除く。,,外部の使用も認める,35.54661636,139.6684158,,,
291,日吉合同庁舎,３階和室入口脇,212-0055,幸区南加瀬1-7-17,365日24時間使用可ではない,8時30分,"21時、
日吉分館の休館日は17時",12月29日〜1月3日を除く。,,外部の使用も認める,35.54661636,139.6684158,,,
292,幸市民館,2階廊下,212-0023,幸区戸手本町1-11-2,365日24時間使用可ではない,8時30分,21時00分,休館日及び年末年始以外は使用可能,,外部の使用も認める,35.54423808,139.6875913,,,
293,御幸球場,事務所,212-0051 ,幸区東古市場1,365日24時間使用可ではない,"4月から10月　6:00
11月から3月　8:00","3月から11月　20:30
12月から2月　16：00","第2,第4水曜日以外",,外部の使用も認める,35.55261356,139.6930904,,,
294,小倉西公園（児童プール）,プール管理棟,212-0054,幸区小倉5-17-59,365日24時間使用可ではない,9時00分,17時00分,プール期間中は全日。,,外部の使用も認める,35.53809853,139.6661108,,,
295,幸区役所道路公園センター,２階廊下,211-0053,幸区下平間357-3,365日24時間使用可ではない,8時30分,17時15分,開庁時,,外部の使用も認める,35.54848972,139.68589,,,
296,中原区役所,本館1階守衛室前,211-0063,中原区小杉町3-245,365日24時間使用可,-,-,-,守衛室で対応,外部の使用も認める,35.57637783,139.6559496,,,
297,中原区役所,別館3階衛生課,211-0063,中原区小杉町3-245,365日24時間使用可ではない,8時30分,17時15分,平日,守衛室で対応,外部の使用も認める,35.57637783,139.6559496,,,
298,とどろきアリーナ,2階トレーニング室内・入口付近,211-0052,中原区等々力1-3,365日24時間使用可ではない,9時00分,21時30分,開館日,,外部の使用も認める,35.58721008,139.647231,,,
299,とどろきアリーナ,1階ロビー,211-0052,中原区等々力1-3,365日24時間使用可ではない,9時00分,21時30分,開館日,,外部の使用も認める,35.58721008,139.647231,,,
300,中原市民館,"1階事務室
受付付近",211-0004,中原区新丸子東3-1100-12,365日24時間使用可ではない,8時30分,21時00分,月〜日,第３月曜日（国民の休日の場合は翌日）、12/29〜1/3は使用不可,外部の使用も認める,35.57460483,139.6605021,,,
301,等々力テニスコート,管理棟入口脇,211-0052,中原区等々力1-1,365日24時間使用可ではない,9時00分,20時30分,年末年始29日〜4日使用不可,,外部の使用も認める,35.58460367,139.6505966,,,
302,等々力競技場,事務所内,211-0052,中原区等々力1-1,365日24時間使用可ではない,7時00分,22時00分,年末年始29日〜4日使用不可,,外部の使用も認める,35.58579922,139.6519377,,,
303,等々力競技場,事務所前,211-0052,中原区等々力1-1,365日24時間使用可ではない,7時00分,22時00分,年末年始29日〜4日使用不可,,外部の使用も認める,35.58579922,139.6519377,,,
304,等々力競技場,医務室,211-0052,中原区等々力1-1,365日24時間使用可ではない,7時00分,22時00分,年末年始29日〜4日使用不可,,外部の使用も認める,35.58579922,139.6519377,,,
305,等々力球場,事務所内,211-0052,中原区等々力1-1,365日24時間使用可ではない,6時00分,20時30分,年末年始29日〜4日使用不可,,外部の使用も認める,35.58604514,139.6492673,,,
306,等々力球場,事務所内,211-0052,中原区等々力1-1,365日24時間使用可ではない,6時00分,20時30分,年末年始29日〜4日使用不可,,外部の使用も認める,35.58604514,139.6492673,,,
307,等々力サッカー場,管理人室,211-0052,中原区等々力1-1,365日24時間使用可ではない,6時00分,20時30分,年末年始29日〜4日使用不可,,外部の使用も認める,35.58974744,139.6480504,,,
308,中原区役所道路公園センター,庁舎1階入口脇,211-0041,中原区下小田中2-9-1,365日24時間使用可ではない,8時30分,17時15分,月火水木金,,外部の使用も認める,35.57775269,139.6407811,,,
309,等々力緑地中央管理棟,管理人室,211-0052,中原区等々力1-1,365日24時間使用可ではない,8時00分,21時00分,平日,,外部の使用も認める,35.58668025,139.6506183,,,
310,平間公園（児童プール）,事務所内,211-0013,中原区上平間１２９８,365日24時間使用可ではない,8時30分,17時00分,プール期間中,,外部の使用も認める,35.55785208,139.6773706,,,
311,平間公園（児童プール）,プール管理棟,211-0013,中原区上平間1298,365日24時間使用可ではない,9時00分,17時00分,プール期間中,,外部の使用も認める,35.55785208,139.6773706,,,
312,高津区役所,1階玄関,213-0033,高津区下作延2-8-1,365日24時間使用可,-,-,-,1F守衛に声かけ,外部の使用も認める,35.59943739,139.6080015,,,
313,高津区役所,3階ＥＶホール,213-0033,高津区下作延2-8-1,365日24時間使用可ではない,8時30分,17時15分,開庁日,,施設利用者・職員のみ,35.59943739,139.6080015,,,
314,川崎市大山街道ふるさと館,1階事務室内,213-0001,高津区溝口3-13-3,365日24時間使用可ではない,9時30分,21時30分,開庁日,年末年始12月28日〜1月4日は使用不可,外部の使用も認める,35.60347394,139.6127721,,,
315,高津スポーツセンター,受付付近,213-0002,高津区二子3-15-1,365日24時間使用可ではない,8時45分,21時30分,下記の通り,休館日（原則第4月曜日）、年末年始は使用不可,外部の使用も認める,35.60335286,139.6221718,,,
316,高津市民館,11階事務室,213-0001,高津区溝口1-4-1 ノクティ2 11階,365日24時間使用可ではない,8時30分,21時00分,下記の通り,年末年始12月28日〜1月3日は使用不可、第３月曜日は使用不可。（第３月曜日が祝日と重複した場合は、その翌日）,外部の使用も認める,35.59895214,139.6127686,,,
317,プラザ橘,1階廊下,213-0026,高津区久末2012-1,365日24時間使用可ではない,8時30分,21時00分,下記の通り,年末年始12月28日〜1月3日は使用不可、第３月曜日は使用不可。第３月曜日が祝日と重複した場合は、その翌日とする。,外部の使用も認める,35.57013928,139.6239559,,,
318,高津区役所道路公園センター,1階玄関ホール,213-0001,高津区溝口5-15-7,365日24時間使用可ではない,8時30分,17時15分,月〜金,年末年始（12月29日から1月3日まで）は除く。,外部の使用も認める,35.60803333,139.6144749,,,
319,高津区役所橘出張所,1階エントランス,213-0022,高津区千年1362-1,365日24時間使用可ではない,8時30分,17時15分,月〜金,年末年始（12月29日から1月3日まで）は除く。,外部の使用も認める,35.58207922,139.6206157,,,
320,宮前区役所,1階ロビー,216-0006,宮前区宮前平2-20-5,365日24時間使用可,-,-,-,,外部の使用も認める,35.58901869,139.5786028,,,
321,宮前区役所向丘出張所,1階ロビー,216-0022,宮前区平1-1-10,365日24時間使用可ではない,8時30分,17時15分,月〜金,,外部の使用も認める,35.59967483,139.5767967,,,
322,宮前スポーツセンター,1階事務室,216-0011,宮前区犬蔵1-10-3,365日24時間使用可ではない,9時00分,21時30分,-,休館日（原則第4月曜日）、年末年始は使用不可,外部の使用も認める,35.58973581,139.5623082,,,
323,宮前市民館,3階事務室,216-0006,宮前区宮前平2-20-4,365日24時間使用可ではない,8時30分,21時,-,年末年始（12月29日〜1月３日）、休館日は使用不可,外部の使用も認める,35.58939669,139.5797474,,,
324,有馬・野川生涯学習支援施設,1階事務室,216-0002,宮前区東有馬4-6-1,365日24時間使用可ではない,9時,21時,-,年末年始（12月29日〜1月３日）、休館日は使用不可,外部の使用も認める,35.571227,139.5884061,,,
325,宮前市民館菅生分館,１階事務室,216-0015,宮前区菅生5-4-11,365日24時間使用可ではない,8時30分,21時,-,年末年始（１２月29日〜１月３日）、休館日は使用不可,外部の使用も認める,35.59491142,139.5555636,,,
326,宮前区役所道路公園センター,1階廊下,216-0003,"宮前区
有馬2-6-4",365日24時間使用可ではない,8時30分,17時15分,平日,ー,外部の使用も認める,35.57971633,139.5835894,,,
327,稲田公園（児童プール）,プール管理棟,214-0003,多摩区菅稲田堤2-9-1,365日24時間使用可ではない,9時00分,17時00分,プール期間中,,外部の使用も認める,35.63743447,139.5369019,,,
328,多摩区役所,1階総合案内横,214-0014,多摩区登戸1775-1,365日24時間使用可ではない,8時30分,21時00分,開庁時,閉庁時は使用不可,外部の使用も認める,35.6195425,139.5622451,,,
329,多摩区役所道路公園センター,1階事務室内,214-0008,多摩区菅北浦4-11-20,365日24時間使用可ではない,8時30分,17時15分,平日,,外部の使用も認める,35.62502,139.53087,,,
330,多摩スポーツセンター,1階総合受付,214-0008,多摩区菅北浦4-12-5,365日24時間使用可ではない,9時00分,21時30分,下記の通り,休館日（原則第4月曜日）、年末年始は使用不可,外部の使用も認める,35.62426778,139.5302376,,,
331,多摩スポーツセンター,1階プール監視室,214-0008,多摩区菅北浦4-12-5,365日24時間使用可ではない,9時00分,21時30分,下記の通り,休館日（原則第4月曜日）、年末年始は使用不可,外部の使用も認める,35.62426778,139.5302376,,,
332,多摩市民館,2階多摩市民館受付内,214-0014,多摩区登戸1775-1,365日24時間使用可ではない,8時30分,21時00分,休館日を除く毎日,,外部の使用も認める,35.61946314,139.562119,,,
333,多摩市民館,2階多摩市民館ホール内,214-0014,多摩区登戸1775-１,365日24時間使用可ではない,9時00分,21時00分,ホールの利用の無い時間帯及び休館日を除く毎日,,施設利用者・職員のみ,35.61953782,139.5619651,,,
334,多摩区役所生田出張所,1階情報コーナー,214-0038,多摩区生田7-16-1,365日24時間使用可ではない,8時30分,17時00分,平日,,外部の使用も認める,35.616009,139.541938,,,
335,麻生区役所,2階ロビー,215-0004,麻生区万福寺1-5-1,365日24時間使用可,-,-,-,閉庁時は守衛に声掛け必須,外部の使用も認める,35.603854,139.5058788,,,
336,柿生分庁舎,１階受付,215-0021　,麻生区上麻生6-29-18,365日24時間使用可ではない,8時30分,18時00分,-,第２・４日曜日、祝日、年末年始は使用不可,外部の使用も認める,35.58767,139.497,,,
337,麻生スポーツセンター,1階ロビー,215-0021,麻生区上麻生3-6-1,365日24時間使用可ではない,8時30分,21時30分,下記の通り,休館日（原則第4月曜日）、年末年始は使用不可,外部の使用も認める,35.60013281,139.5051185,,,
338,麻生市民交流館やまゆり,1階受付,215-0021,麻生区上麻生1-11-5,365日24時間使用可ではない,9時30分,17時00分,平日,,外部の使用も認める,35.6012525,139.5085995,,,
339,白山中学校跡地施設,体育館男子トイレ,215-0014,麻生区白山1-1-1,365日24時間使用可ではない,8時00分,21時00分,下記の通り,団体利用時のみ使用可能,外部の使用も認める,35.59042408,139.5145369,,,
340,麻生市民館,3階受付,215-0004,麻生区万福寺1‐5‐2,365日24時間使用可ではない,8時30分,21時00分,休館日（第３月曜日、年末年始、その他設備点検日）を除いて使用可能,休館日（第３月曜日、年末年始、その他設備点検日）は使用不可,外部の使用も認める,35.60433214,139.505337,,,
341,麻生市民館岡上分館,1階玄関,215-0027,麻生区岡上3-15-5,365日24時間使用可ではない,8時30分,21時00分,下記の通り,休館日（第３月曜日、年末年始、その他設備点検日）は使用不可,外部の使用も認める,35.58083667,139.4825602,,,
342,王禅寺ふるさと公園,管理事務所,215-0013,麻生区王禅寺528-1,365日24時間使用可ではない,8時30分,17時00分,-,,外部の使用も認める,35.58525772,139.519874,,,
343,とんびいけ公園,管理事務所,215-0032,麻生区栗木台3-1,365日24時間使用可ではない,8時00分,"16時30分
（12月〜2月）",-,"通常は18時まで使用可能
※4月〜10月の早朝予約の日は6時00分〜可能。
※3月〜11月のナイター予約の日は20時45分まで可能",外部の使用も認める,35.61041664,139.4761409,,,
344,麻生区役所道路公園センター,1階事務室,215-0026,麻生区古沢120,365日24時間使用可ではない,8時30分,17時00分,平日,,外部の使用も認める,35.60475,139.50122,,,
345,片平公園,トイレ横,215-0023,川崎市麻生区片平5丁目27−1,365日24時間使用可,-,-,-,,外部の使用も認める,35.59847393,139.4926907,,,
346,入江崎余熱利用プール,プール監視室,210-0826,川崎区塩浜3-24-12,365日24時間使用可ではない,"10時00分
7・8月は9時",20時00分,休館日以外,,外部の使用も認める,35.52217,139.7432536,,,
347,生田ふれあい広場,クラブハウス,214-0038,多摩区生田1-1-1,365日24時間使用可ではない,8時,17時,休館日以外,"【終了時間】
6月から8月は19時",外部の使用も認める,35.62391364,139.5425437,,,
348,第1配水工事事務所整備課,玄関の中正面,211-0013,中原区上平間1183,365日24時間使用可,-,-,-,,外部の使用も認める,35.55419628,139.6772166,,,
349,第2配水工事事務所,玄関の中正面,213-0015,高津区梶ケ谷2-13-5,365日24時間使用可,-,-,-,,外部の使用も認める,35.58850275,139.6004499,,,
350,第3配水工事事務所,A棟玄関,214-0038,多摩区生田1-1-1,365日24時間使用可,-,-,-,,外部の使用も認める,35.62333,139.54438,,,
351,長沢浄水場,管理棟1階,214-0034,多摩区三田5-1-1,365日24時間使用可ではない,8時30分,17時00分,平日,,外部の使用も認める,35.60584469,139.5445373,,,
352,生田浄水場,1階管理棟,214-0038,多摩区生田1-1-1,365日24時間使用可ではない,8時30分,17時00分,平日,,外部の使用も認める,35.62469,139.54136,,,
353,入江崎水処理センター,１Ｆ　玄関脇,210-0826,川崎区塩浜3-17-1,365日24時間使用可ではない,8時30分,17時00分,平日,,外部の使用も認める,35.51943592,139.7402591,,,
354,加瀬水処理センター,管理棟2階中央監視室,212-0055,幸区南加瀬4-40-22,365日24時間使用可ではない,8時30分,17時00分,平日,,外部の使用も認める,35.54242833,139.6558447,,,
355,加瀬ふれあいの広場,管理室,212-0055,幸区南加瀬4-40-22,365日24時間使用可ではない,8時00分,17時00分,火〜日,"閉鎖日は毎週月曜日
※月曜日が祝日の場合は翌日、翌日も祝日の場合は翌々日が閉鎖日",外部の使用も認める,35.54242833,139.6558447,,,
356,等々力水処理センター,管理棟2階,211-0051,中原区宮内3-22-1,365日24時間使用可ではない,8時30分,17時00分,平日,,外部の使用も認める,35.5909415,139.646022,,,
357,麻生水処理センター,管理棟玄関,215-0021,麻生区上麻生6-15-1,365日24時間使用可ではない,8時30分,17時15分,平日,,外部の使用も認める,35.58396189,139.4953103,,,
358,あさおふれあいの丘,管理人詰所,215-0021,麻生区上麻生6-15-1,365日24時間使用可ではない,8時,"18時（3月〜10月）
16時（11月〜2月）","火曜-日曜
休日の月曜",年末年始は使用不可,外部の使用も認める,35.58396428,139.4953856,,,
359,入江崎総合スラッジセンター,管理棟玄関,210-0826,川崎区塩浜3-24-12,365日24時間使用可ではない,8時30分,17時00分,平日,,外部の使用も認める,35.52194167,139.7436018,,,
360,水運用センター,事務室,216-0005,宮前区土橋3-1-1,365日24時間使用可ではない,8時30分,17時15分,平日,,外部の使用も認める,35.58158992,139.573162,,,
361,塩浜営業所,2階事務室,210-0826,川崎区塩浜2-2-1,365日24時間使用可ではない,5時00分,0時00分,日・月・火・水・木・金・土,バス運行終了後及び年末年始（12月29日〜1月3日）は使用不可,外部の使用も認める,35.5258985,139.7417469,,,
362,上平間営業所,1階事務室,211-0013,中原区上平間1140,365日24時間使用可ではない,5時00分,0時00分,日・月・火・水・木・金・土,バス運行終了後及び年末年始（12月29日〜1月3日）は使用不可、販売窓口営業時間外は当番職員が対応,外部の使用も認める,35.55615186,139.6801277,,,
363,井田営業所,2階事務室,213-0024,高津区明津98,365日24時間使用可ではない,5時00分,0時00分,日・月・火・水・木・金・土,バス運行終了後及び年末年始（12月29日〜1月3日）は使用不可、販売窓口営業時間外は当番職員が対応,外部の使用も認める,35.56576072,139.6383767,,,
364,鷲ケ峰営業所,1階事務室,216-0014,宮前区菅生ケ丘41-1,365日24時間使用可ではない,5時00分,0時00分,日・月・火・水・木・金・土,バス運行終了後及び年末年始（12月29日〜1月3日）は使用不可、販売窓口営業時間外は当番職員が対応,外部の使用も認める,35.59824547,139.5388869,,,
365,交通局管理課,管理課書棚,210-0006,川崎区砂子1-8-9御幸ビル9階,365日24時間使用可ではない,8時30分,17時15分,月・火・水・木・金,年末年始（12月29日〜1月3日）は使用不可,外部の使用も認める,35.53088435,139.7016499,,,
366,川崎病院,泌尿器科外来,210-0013,川崎区新川通12-1,365日24時間使用可,-,-,-,,外部の使用も認める,35.52665736,139.7057979,,,
367,川崎病院,循環器科外来,210-0013,川崎区新川通12-1,365日24時間使用可,-,-,-,,外部の使用も認める,35.52665736,139.7057979,,,
368,川崎病院,15階食堂内,210-0013,川崎区新川通12-1,365日24時間使用可ではない,"9:30
11:00","16:00
16:00","月火水木金
土日祝",,外部の使用も認める,35.52665736,139.7057979,,,
369,川崎病院,7階面会者用エレベーター前,210-0013,川崎区新川通12-1,365日24時間使用可,-,-,-,,外部の使用も認める,35.52665736,139.7057979,,,
370,川崎病院,警備室横,210-0013,川崎区新川通12-1,365日24時間使用可,-,-,-,,外部の使用も認める,35.52665736,139.7057979,,,
371,川崎病院,11階北病棟,210-0013,川崎区新川通12-1,365日24時間使用可,-,-,-,,外部の使用も認める,35.52665736,139.7057979,,,
372,川崎病院,13階北病棟,210-0013,川崎区新川通12-1,365日24時間使用可,-,-,-,,外部の使用も認める,35.52665736,139.7057979,,,
373,多摩病院,地下1階駐車場,214-8525,多摩区宿河原1-30-37,365日24時間使用可,-,-,-,,外部の使用も認める,35.61971789,139.5724846,,,
374,多摩病院,1階総合受付ホール再来受付機横,214-8525,多摩区宿河原1-30-37,365日24時間使用可,-,-,-,,外部の使用も認める,35.61971789,139.5724846,,,
375,井田病院,地下EVホール横,211-0035,中原区井田2-27-1,365日24時間使用可,-,-,-,,外部の使用も認める,35.55946628,139.640818,,,
376,井田病院,2階EVホール横,211-0035,中原区井田2-27-1,365日24時間使用可,-,-,-,,外部の使用も認める,35.55946628,139.640818,,,
377,井田病院,1階採血室前,211-0035,中原区井田2-27-1,365日24時間使用可,-,-,-,,外部の使用も認める,35.55946628,139.640818,,,
378,井田病院,PCU,211-0035,中原区井田2-27-1,365日24時間使用可,-,-,-,,外部の使用も認める,35.55946628,139.640818,,,
379,消防訓練センター,音楽隊事務所内,216-0011,宮前区犬蔵1-10-2,365日24時間使用可ではない,8時30分,17時15分,平日,,外部の使用も認める,35.588888,139.563808,,,
380,消防訓練センター,屋内訓練場玄関,216-0011,宮前区犬蔵1-10-2,365日24時間使用可ではない,8時30分,17時15分,平日,,外部の使用も認める,35.588822,139.564766,,,
381,臨港消防署,1階受付,210-0832,川崎区池上新町3-1-5,365日24時間使用可,-,-,-,,外部の使用も認める,35.52229622,139.7315224,,,
382,川崎消防署・消防局総合庁舎（川崎消防署）,1階EV前,210-0015,川崎区南町20-7,365日24時間使用可,-,-,-,,外部の使用も認める,35.52542678,139.6992136,,,
383,幸消防署,1階受付,212-0005,幸区戸手2-12-1,365日24時間使用可,-,-,-,,外部の使用も認める,35.54395639,139.6923514,,,
384,中原消防署,1階受付,211-0004,中原区新丸子東3-1175-1,365日24時間使用可,-,-,-,,外部の使用も認める,35.57457125,139.6625248,,,
385,高津消防署,1階受付,213-0002,高津区二子5-14-5,365日24時間使用可,-,-,-,,外部の使用も認める,35.60151347,139.6192397,,,
386,宮前消防署,1階受付,216-0006,宮前区宮前平2-20-4,365日24時間使用可,-,-,-,,外部の使用も認める,35.58959122,139.5798833,,,
387,多摩消防署,1階受付,214-0032,多摩区枡形2-6-1,365日24時間使用可,-,-,-,,外部の使用も認める,35.61795669,139.5572675,,,
388,麻生消防署,1階受付,215-0004,麻生区万福寺1-5-4,365日24時間使用可,-,-,-,,外部の使用も認める,35.60329692,139.5053626,,,
389,稲田中学校,保健室前,214-0021,多摩区宿河原4-1-1,365日24時間使用可ではない,8時00分,17時00分,月火水木金,平日でもAEDを利用できない場合があります。,外部の使用も認める,35.61901964,139.5795371,,,
390,川崎高校,3階西側階段,210-0806,川崎区中島3-3-1,365日24時間使用可ではない,8時30分,22時,月火水木金,平日でもAEDを利用できない場合があります。,外部の使用も認める,35.52688944,139.7148387,,,
391,川崎高校,3階定時制棟,210-0806,川崎区中島3-3-1,365日24時間使用可ではない,8時30分,22時,月火水木金,平日でもAEDを利用できない場合があります。,外部の使用も認める,35.52688944,139.7148387,,,
392,健康教育課,南庁舎７階,210-0005,川崎区東田町5-4,365日24時間使用可ではない,8時30分,17時15分,月火水木金,平日でもAEDを利用できない場合があります。,施設利用者・職員のみ,35.53010822,139.702469,,,
393,健康教育課,南庁舎７階,210-0005,川崎区東田町5-4,365日24時間使用可ではない,8時30分,17時15分,月火水木金,平日でもAEDを利用できない場合があります。,施設利用者・職員のみ,35.53010822,139.702469,,,
394,健康教育課,南庁舎７階,210-0005,川崎区東田町5-4,365日24時間使用可ではない,8時30分,17時15分,月火水木金,平日でもAEDを利用できない場合があります。,施設利用者・職員のみ,35.53010822,139.702469,,,
395,健康教育課,南庁舎７階,210-0005,川崎区東田町5-4,365日24時間使用可ではない,8時30分,17時15分,月火水木金,平日でもAEDを利用できない場合があります。,施設利用者・職員のみ,35.53010822,139.702469,,,
396,健康教育課,南庁舎７階,210-0005,川崎区東田町5-4,365日24時間使用可ではない,8時30分,17時15分,月火水木金,平日でもAEDを利用できない場合があります。,施設利用者・職員のみ,35.53010822,139.702469,,,
397,岡上小学校,３階職員玄関外,215-0027,麻生区岡上675-1,365日24時間使用可ではない,8時30分,21時00分,"月火水木金
土日",課業日、施設開放実施日は使用可,外部の使用も認める,35.57900867,139.4830058,,,
398,白幡台小学校,職員玄関外,216-0024,宮前区南平台13-1,365日24時間使用可ではない,8時,２１時,月火水木金,平日でもAEDを利用できない場合があります。,外部の使用も認める,35.59563417,139.5677137,,,
399,末長小学校,１階体育館前昇降口,231-0013,高津区末長3-8-1,365日24時間使用可ではない,8時25分,16時55分,月火水木金,教職員不在時は施設開放登録団体責任者による対応は可能,外部の使用も認める,35.59037467,139.6193014,,,
400,野川小学校,1階体育館前ピロティ,216-0044,宮前区西野川2-19-1,365日24時間使用可ではない,8時30分,21時00分,月火水木金,土日祝日は学校施設開放時なら使用可能 年末年始は使用不可,外部の使用も認める,35.57366231,139.6100248,,,
401,宮前平小学校,職員玄関,216-0006,宮前区宮前平3-14-1,365日24時間使用可ではない,8時30分,17時00分,月火水木金,平日でもAEDを利用できない場合があります。,外部の使用も認める,35.58899108,139.5858951,,,
402,犬蔵小学校,2階職員室前廊下,216-0011,宮前区犬蔵1-3-1,365日24時間使用可ではない,8時10分,16時40分,月火水木金,平日でもAEDを利用できない場合があります。,外部の使用も認める,35.59130847,139.5656288,,,
403,平小学校,校庭側校舎中央付近,216-0022,宮前区平6-5-1,365日24時間使用可ではない,8時00分,21時00分,"月火水木金
土日",施設開放を実施していない場合の、課業日は１７時まで、休業日は使用不可。年末年始・閉庁日は、使用不可。,外部の使用も認める,35.59527478,139.5799669,,,
404,橘小学校,校庭側壁,213-0022,高津区千年1024,365日24時間使用可ではない,8時30分,21時00分,月火水木金,施設開放を利用していない場合の使用可能時間は１７時まで,外部の使用も認める,35.58121233,139.6215156,,,
405,久地小学校,1階職員玄関,213-0032,高津区久地4-2-1,365日24時間使用可,-,-,-,,外部の使用も認める,35.61128614,139.6001297,,,
406,宮崎台小学校,職員玄関,216-0033,宮前区宮崎3-18-2,365日24時間使用可ではない,8時30分,21時00分,"【月火水木金
土日】",【平日１７時以降及び土日祝については、施設開放団体の利用がない場合は使用不可。】,外部の使用も認める,35.59246919,139.5895159,,,
407,宿河原小学校,1階渡り廊下,214-0021,多摩区宿河原2-1-1,365日24時間使用可ではない,8時30分,21時00分,月火水木金,施設開放を実施していない場合の利用時間は17時まで,外部の使用も認める,35.61648431,139.5746211,,,
408,南原小学校,体育館入口,213-0034,"高津区上作延
3-9-1",365日24時間使用可ではない,8時30分,21時00分,月火水木金,学校課業日8時半〜17時は使用可。学校閉庁日及び年末年始12月28日〜1月４日は使用不可。但し、施設開放が利用している場合は21時（土日は9時〜21時）まで使用可。,外部の使用も認める,35.59696289,139.5894144,,,
409,子母口小学校,職員玄関,213-0023,高津区子母口730,365日24時間使用可ではない,6時,21時,月火水木金,施設管理者受付対応,外部の使用も認める,35.56969917,139.6323752,,,
410,新作小学校,1階ピロティ,213-0014,高津区新作1-9-1,365日24時間使用可ではない,8時30分,21時00分,月火水木金,一般の人は、門が開いていなければ、17時まで。施設開放団体が使用していれば、上記のとおり。,外部の使用も認める,35.58746364,139.6112795,,,
411,西梶ケ谷小学校,職員玄関,213-0015,高津区梶ケ谷2-14-1,365日24時間使用可ではない,8時30分,20時30分,月火水木金,"学校稼業日のみ使用可。
施設開放の実施時間により変更あり。",外部の使用も認める,35.58798781,139.6022841,,,
412,稲田小学校,1階体育館入口,214-0021,多摩区宿河原3-18-1,365日24時間使用可ではない,8時30分,21時00分,"月火水木金
土日",土、日は施設開放等で開錠している場合に限る,外部の使用も認める,35.61307736,139.5795398,,,
413,下布田小学校,職員玄関前,214-0011,多摩区布田23-1,365日24時間使用可ではない,8時30分,21時00分,"月火水木金
土日","年末年始29日〜3日は使用不可
門の鍵があれば一年中使用可",外部の使用も認める,35.631587,139.5466497,,,
414,東菅小学校,職員玄関横,214-0004,多摩区菅馬場2-19-1,365日24時間使用可ではない,8時30分,21時00分,月火水木金,正門のカギがあれば使用可能,外部の使用も認める,35.62685606,139.5365424,,,
415,南菅小学校,職員昇降口,214-0004,多摩区菅馬場3-25-1,365日24時間使用可ではない,8時25分,21時00分,月火水木金,施設開放を実施していない場合は17時まで。門扉に鍵有。収納ボックス鍵無し。,外部の使用も認める,35.6229255,139.5321243,,,
416,三田小学校,玄関脇,214-0034,多摩区三田3-6-4,365日24時間使用可ではない,8時30分,21時30分,"月火水木金
土日",年末年始(12/29‾1/3)は使用不可、平日は７：３０から使用可、設置箱に鍵はないので誰でも自由に取り出せる,外部の使用も認める,35.61009758,139.5461727,,,
417,生田小学校,職員玄関,214-0038,多摩区生田7-22-1,365日24時間使用可ではない,8時30分,21時,"月火水木金
土日",収納ボックスから取り出す。年末年始12/28〜1/3は使用不可。,外部の使用も認める,35.61706867,139.5418628,,,
418,東生田小学校,1階職員室入口,214-0032,多摩区枡形4-9-1,365日24時間使用可ではない,8時25分,21時00分,"月火水木金
土日",施設開放を実施していない平日の利用時間は１７時まで。土日祝日は施設開放利用している時間のみ利用可。,外部の使用も認める,35.61606089,139.550778,,,
419,長沢小学校,職員玄関前,215-0012,麻生区東百合丘2-24-7,365日24時間使用可ではない,8時30分,21時00分,"月火水木金
土日",施設開放を実施していない場合の利用時間は19時まで(わくわくプラザは19時まで稼業),外部の使用も認める,35.59757253,139.5280933,,,
420,柿生小学校,体育館出入口,215-0023,麻生区片平3-3-1,365日24時間使用可ではない,8時30分,２１時,月火水木金,施設開放を実施していない利用時間は１７時まで,外部の使用も認める,35.59086303,139.4951134,,,
421,金程小学校,体育館入口,215-0006,麻生区金程2-10-1,365日24時間使用可ではない,8時30分,21時00分,"月火水木金
土日",施設開放で学校施設が使用されている時間帯及び課業日以外は利用不可,外部の使用も認める,35.61181975,139.4995499,,,
422,千代ヶ丘小学校,職員玄関,215-0005,麻生区千代ヶ丘8-9-1,365日24時間使用可ではない,8時30分,17時00分,月火水木金,平日でもAEDを利用できない場合があります。,外部の使用も認める,35.61711778,139.5034671,,,
423,片平小学校,1階職員玄関,215-0023,麻生区片平5-28-1,365日24時間使用可ではない,8時30分,21時00分,月火水木金,施設開放を実施していない場合の利用時間は19時まで(わくわくプラザは19時まで稼業),外部の使用も認める,35.59691636,139.4929719,,,
424,王禅寺中央小学校,東昇降口,215-0018,麻生区王禅寺東4-14-1,365日24時間使用可ではない,8時30分,21時,月火水木金,平日でもAEDを利用できない場合があります。,外部の使用も認める,35.58676358,139.5137349,,,
425,真福寺小学校,1F昇降口,215-0014,麻生区白山5-3-1,365日24時間使用可ではない,8時,21時,月火水木金,施設開放を実施していない場合の利用時間は17時まで,外部の使用も認める,35.59032578,139.506478,,,
426,虹ヶ丘小学校,職員室外南入り口,215-0015,麻生区虹ヶ丘1-21-2,365日24時間使用可ではない,8時30分,21時,月火水木金,施設開放を実施していない場合の利用時間は17時まで,外部の使用も認める,35.57893528,139.5209986,,,
427,麻生小学校,1階職員玄関前,215-0021,麻生区上麻生3-24-1,365日24時間使用可ではない,8時30分,21時00分,"月火水木金
土日","月〜金：17時〜21時　施設開放利用時
土、日：9時〜21時　施設開放利用時
年末年始12月28日〜１月４日まで使用不可",外部の使用も認める,35.60259033,139.5039963,,,
428,向丘小学校,体育館入口横,216-0022,宮前区平1-6-1,365日24時間使用可ではない,8時20分,21時00分,月火水木金,補足：施設開放を実施していない場合の利用時間は１６時５０分まで,外部の使用も認める,35.60022767,139.5763546,,,
429,坂戸小学校,校舎外壁,213-0012,高津区坂戸1-18-1,365日24時間使用可ではない,8時30分,２１時,月火水木金土日,収納ボックスから取り出す,外部の使用も認める,35.59632475,139.6229012,,,
430,川崎小学校,1階職員室前廊下,210-0024,川崎区日進町20-1,365日24時間使用可ではない,8時30分,17時00分,月火水木金,お盆時期8/11〜15、学校閉庁日、年末年始12/28〜1/4は使用不可。,外部の使用も認める,35.52476072,139.6952579,,,
431,西野川小学校,昇降口前,216-0043,宮前区野川台3-10-1,365日24時間使用可ではない,8時30分,21時00分,"月火水木金
土日","平日の利用時間は８時から17時
もしくは施設開放団体利用で正門もしくは裏門が開錠している時間帯のみ利用可",外部の使用も認める,35.57458264,139.6067659,,,
432,殿町小学校,西昇降口横体育館前,210-0821,川崎区殿町1-17-19,365日24時間使用可ではない,8時30分,21時00分,月火水木金,平日でもAEDを利用できない場合があります。,外部の使用も認める,35.53757944,139.7453102,,,
433,向小学校,職員室校庭側,210-0834,川崎区大島4-17-1,365日24時間使用可ではない,8時,21時00分,"月火水木金
土日",施設開放登録団体責任者による対応,外部の使用も認める,35.524249,139.7153637,,,
434,小田小学校,１階体育館前通路の校舎側壁,210-0846,川崎区小田4-12-24,365日24時間使用可ではない,8時30分,21時00分,"月火水木金
土日",施設開放実施無しの利用時間は１７時まで、土日は施設開放団体責任者対応,外部の使用も認める,35.51139444,139.7024695,,,
435,大島小学校,1階職員玄関外部入り口,210-0851,川崎区浜町1-5-1,365日24時間使用可,-,-,-,"・門が施錠されている場合は乗り越える。
・監視カメラは２４時間作動。",外部の使用も認める,35.51691381,139.7175594,,,
436,東大島小学校,1階吹き抜け,210-0834,川崎区大島5-25-1,365日24時間使用可ではない,8時30分,21時00分,"月火水木金
土日",土日の利用開始時間は9:00から。平日17:00〜，土日9:00‾21:00は施設開放登録団体責任者による対応。年末年始12/29‾1/3は使用不可　土日及び夜間18:00〜施設開放登録団体が活動していない時は使用不可,外部の使用も認める,35.52352681,139.7196844,,,
437,京町小学校,1階正面玄関,210-0848,川崎区京町1-1-4,365日24時間使用可ではない,8時30分,17時00分,月火水木金,平日でもAEDを利用できない場合があります。,外部の使用も認める,35.51943131,139.6923249,,,
438,新町小学校,1階ピロティ,210-0844,川崎区渡田新町3-15-1,365日24時間使用可ではない,8時30分,17時00分,月火水木金,平日でもAEDを利用できない場合があります。,外部の使用も認める,35.51810189,139.7007324,,,
439,浅田小学校,１階職員玄関,210-0847,川崎区浅田2-11-21,365日24時間使用可ではない,8時30分,17時00分,月火水木金,平日でもAEDを利用できない場合があります。,外部の使用も認める,35.50705017,139.7029002,,,
440,旭町小学校,1階職員玄関脇,210-0808,川崎区旭町2-2-1,365日24時間使用可ではない,8時30分,21時00分,"月火水木金
土日",課業時間・施設開放利用時間は使用できる。12/29〜1/4は使用不可。,外部の使用も認める,35.53210442,139.7148452,,,
441,宮前小学校,職員玄関外,210-0012,川崎区宮前町8-13,365日24時間使用可ではない,8時30分,17時00分,月火水木金,平日でもAEDを利用できない場合があります。,外部の使用も認める,35.52875203,139.7059961,,,
442,古市場小学校,保健室前,212-0052,幸区古市場1-1,365日24時間使用可ではない,8時30分,21時00分,月火水木金,施設開放を実施していない場合の利用時間は１７時まで,外部の使用も認める,35.55529472,139.6863345,,,
443,南河原小学校,昇降口横（体育館前通路）,212-0021,幸区都町18,365日24時間使用可ではない,8時30分,21時00分,"月火水木金
土日",施設開放を実施していない場合は17時まで　施設開放を実施指定に土日及び学校閉庁日は使用不可,外部の使用も認める,35.53781086,139.6905329,,,
444,下平間小学校,職員玄関入り口,212-0053,幸区下平間175,365日24時間使用可ではない,8時00分,21時00分,月火水木金,施設開放を実施していない場合の利用時間は１７時まで。,外部の使用も認める,35.54941181,139.6790625,,,
445,戸手小学校,１階校舎壁面,212-0023,幸区戸手本町1-165,365日24時間使用可ではない,8時30分,17時00分,月火水木金土日,・門が施錠されている場合は乗り越える。・監視カメラは２４時間作動。,外部の使用も認める,35.54255722,139.6855241,,,
446,御幸小学校,校務センター校庭側壁面,212-0006,幸区遠藤町1,365日24時間使用可ではない,8時30分,17時00分,月火水木金　土日,平日１７時以降及び土日祝については、施設開放団体の利用がない場合は使用不可。,外部の使用も認める,35.54338183,139.6919375,,,
447,西御幸小学校,1階ピロティ,212-0004,幸区小向西町4-30,365日24時間使用可ではない,8時30分,21時,月火水木金,施設開放を実施していない場合は17時。,外部の使用も認める,35.54613972,139.6886616,,,
448,小倉小学校,2階職員玄関,212-0054,幸区小倉2-20-1,365日24時間使用可ではない,8時25分,16時55分,月火水木金,夜間施設開放を実施している場合は２１時まで使用可。年末〜年始は使用不可。,外部の使用も認める,35.54136389,139.6653723,,,
449,日吉小学校,1階保健室前（屋外）,212-0057,幸区北加瀬1-37-1,365日24時間使用可ではない,8時30分,21時00分,"月火水木金
土日",平日１７時以降及び土日祝については、施設開放団体の利用がない場合は使用不可。,外部の使用も認める,35.54780194,139.6692763,,,
450,夢見ヶ崎小学校,体育館前通路,212-0055,幸区南加瀬2-13-1,365日24時間使用可ではない,8時30分,21時00分,月火水木金土日,施設開放を実施していない場合は門の鍵があれば利用可能,外部の使用も認める,35.54781619,139.6625648,,,
451,新小倉小学校,職員室,212-0031,川崎市幸区新小倉 2 番 15 号,365日24時間使用可ではない,8時15分,16時45分,月火水木金,年末年始１２/２９〜1/３、学校閉庁日は使用不可,外部の使用も認める,35.5407497,139.6733146,,,
452,下河原小学校,１階中学年昇降口,211-0013,中原区上平間585,365日24時間使用可ではない,8時30分,17時00分,月火水木金,毎週水曜木曜の夜間施設開放を実施している場合は２１時まで使用可。年末〜年始は使用不可。,外部の使用も認める,35.55766922,139.681437,,,
453,下沼部小学校,1階職員玄関,211-0011,中原区下沼部1955,365日24時間使用可ではない,8時30分,17時00分,月火水木金,平日でもAEDを利用できない場合があります。,外部の使用も認める,35.57308325,139.6704572,,,
454,井田小学校,1階体育館前,211-0034,中原区井田中ノ町29-1,365日24時間使用可ではない,8時30分,21時00分,月火水木金,平日でもAEDを利用できない場合があります。,外部の使用も認める,35.56395489,139.645813,,,
455,今井小学校,1Fピロティ,211-0066,中原区今井西町3-18,365日24時間使用可ではない,8時30分,17時00分,月火水木金,年末年始１２/２８〜1/４、学校閉庁日は使用不可,外部の使用も認める,35.57636319,139.6493348,,,
456,東住吉小学校,1階正面玄関,211-0021,中原区木月住吉町1-11,365日24時間使用可ではない,8時30分,21時00分,月火水木金,施設開放を実施していない場合の利用は17時まで,外部の使用も認める,35.56962789,139.6571086,,,
457,木月小学校,校舎〜体育館　渡り廊下,211-0025,中原区木月4-53-1,365日24時間使用可ではない,8時30分,21時00分,月火水木金土日,"年末年始１２/２９〜1/３、学校閉庁日は使用不可
施設開放を実施していない場合の利用時間は17時まで
",外部の使用も認める,35.55760717,139.6556308,,,
458,玉川小学校,１階昇降口横,211-0015,中原区北谷町32,365日24時間使用可ではない,8時30分,17時00分,月火水木金,門の鍵があれば利用可能,外部の使用も認める,35.56371536,139.6726803,,,
459,上丸子小学校,職員室外壁,211-0001,中原区上丸子八幡町815,365日24時間使用可ではない,8時30分,21時00分,"月火水木金
土日 ",使用可能な曜日でもAEDを利用できない場合があります。,外部の使用も認める,35.57933047,139.6642588,,,
460,西丸子小学校,１階職員室出入り口,211-0062,中原区小杉陣屋町2-19-1,365日24時間使用可ではない,8時30分,21時00分,月火水木金,平日でもAEDを利用できない場合があります。,外部の使用も認める,35.58672672,139.6548773,,,
461,柿生小学校,職員室校庭側出入口,215-0023,麻生区片平3-3-1,365日24時間使用可ではない,8時30分,17時,月火水木金,平日でもAEDを利用できない場合があります。,外部の使用も認める,35.59086303,139.4951134,,,
462,東門前小学校,アリーナ棟1階開放玄関,210-0812,川崎区東門前3-4-6,365日24時間使用可ではない,8時00分,17時00分,月火水木金土日,課業時間・施設開放利用時間は使用できる。,外部の使用も認める,35.53629875,139.7354037,,,
463,東柿生小学校,1階職員室前,215-0018,麻生区王禅寺東6-3-1,365日24時間使用可ではない,8時30分,17時00分,月火水木金,平日でもAEDを利用できない場合があります。,外部の使用も認める,35.57909411,139.5106466,,,
464,西生田小学校,ピロティ脇,215-0001,麻生区細山2-2-1,365日24時間使用可ではない,8時30分,17時00分,月火水木金,収納ボックスから取り出す。土曜日はわくわくプラザ開設時間内であれば通用門は施錠されていないので使用可能。日曜日、祝祭日、閉庁日、年末年始12月29日〜1月3日は通用門を施錠しているので、使用は難しい。,外部の使用も認める,35.61694569,139.5192519,,,
465,南百合丘小学校,西昇降口,215-0017,麻生区王禅寺西1-26-1,365日24時間使用可ではない,8時30分,21時00分,"月火水木金
土日",閉庁日は使用不可。施設開放を実施していない日は１７時まで。,外部の使用も認める,35.59954839,139.5130348,,,
466,栗木台小学校,2階職員室外階段,215-0032,麻生区栗木台5-15-1,365日24時間使用可ではない,8時30分,17時00分,月火水木金,平日でもAEDを利用できない場合があります。,外部の使用も認める,35.61161833,139.4769604,,,
467,四谷小学校,校庭　図書室そば,210-0827,川崎区四谷下町4-1,365日24時間使用可ではない,8時30分,17時00分,月火水木金,平日でもAEDを利用できない場合があります。,外部の使用も認める,35.52678178,139.7376714,,,
468,大師小学校,職員玄関,210-0812,川崎区東門前2-6-1,365日24時間使用可ではない,8時30分,21時00分,月火水木金,平日でもAEDを利用できない場合があります。,外部の使用も認める,35.53359183,139.7354856,,,
469,川中島小学校,1階西昇降口,210-0803,川崎区川中島2-4-19,365日24時間使用可ではない,8時30分,21時00分,"月火水木金
土日",土日は施設開放を実施している時間帯のみ利用可。施設開放を実施しない平日は17時00分まで利用可。年末年始12月29日〜1月3日は使用不可。,外部の使用も認める,35.53105594,139.7259571,,,
470,藤崎小学校,1階職員室前廊下,210-0804,川崎区藤崎3-2-1,365日24時間使用可ではない,8時25分,16時55分,月火水木金,平日でもAEDを利用できない場合があります。,施設利用者・職員のみ,35.52554817,139.7252451,,,
471,さくら小学校,職員室入口校庭側,210-0833,川崎区桜本1-9-15,365日24時間使用可ではない,8時30分,21時00分,月火水木金,施設開放を実施していない場合の利用時間は17時まで,外部の使用も認める,35.52062086,139.7219702,,,
472,渡田小学校,職員玄関,210-0853,川崎区田島町14-1,365日24時間使用可ではない,8時30分,17時00分,月火水木金,平日でもAEDを利用できない場合があります。,外部の使用も認める,35.51622969,139.7097352,,,
473,東小田小学校,1階体育館脇校舎壁面,210-0846,川崎区小田5-11-20,365日24時間使用可ではない,8時30分,17時00分,月火水木金,平日でもAEDを利用できない場合があります。,外部の使用も認める,35.51215811,139.7070079,,,
474,田島小学校,1階職員室校庭側出入口付近,210-0837,川崎区渡田1-20-1,365日24時間使用可ではない,8時30分,21時00分,月火水木金,施設開放が18時〜２１時のため、１７時〜１８時は使用不可。施設開放を実施していない場合の利用は17時まで。,外部の使用も認める,35.52192969,139.7083028,,,
475,東小倉小学校,1階西昇降口脇,212-0033,幸区東小倉1-1,365日24時間使用可ではない,8時20分,16時50分,月火水木金,平日でもAEDを利用できない場合があります。,外部の使用も認める,35.54703,139.67467,,,
476,幸町小学校,１階職員玄関入口,212-0012,幸区中幸町2-17,365日24時間使用可ではない,8時30分,17時00分,月火水木金,平日でもAEDを利用できない場合があります。,外部の使用も認める,35.53822567,139.6939274,,,
477,古川小学校,ピロティ新校舎体育館通路,212-0025,幸区古川町70,365日24時間使用可ではない,8時20分,21時00分,月火水木金土日,平日16:50以降及び土日祝、学校閉庁日は、施設開放団体の利用がない場合、校門が施錠されているため使用不可。,外部の使用も認める,35.54644861,139.6811204,,,
478,南加瀬小学校,体育館前通路,212-0055,幸区南加瀬4-24-1,365日24時間使用可ではない,8時30分,17時00分,月火水木金,平日１７時以降及び土日祝については、施設開放団体の利用がない場合は使用不可。,外部の使用も認める,35.54302381,139.6595855,,,
479,梶ケ谷小学校,体育館入り口（東側）,213-0015,高津区梶ケ谷4-12,365日24時間使用可ではない,8時25分,21時00分,月火水木金　土日,施設開放を実施していない場合は16:55まで,外部の使用も認める,35.586163,139.6041456,,,
480,久本小学校,職員玄関横,213-0011,高津区久本3-11-3,365日24時間使用可ではない,8時30分,21時00分,"月火水木金
土日",施設開放を実施していない場合の利用時間は17時まで,外部の使用も認める,35.59515439,139.6178843,,,
481,下作延小学校,昇降口外側,213-0033,高津区下作延5-19-1,365日24時間使用可ではない,7時30分,21時00分,"月火水木金
土日",平日は、施設開放団体が校庭・体育館をの使用を終了するまで使用可。なお、土日祝日は施設開放団体が施設を利用する9：00〜17：00の間は利用可。いずれも、職員、施設開放団体不在時は、使用不可（校門が施錠されているため）。,外部の使用も認める,35.60315869,139.6006518,,,
482,高津小学校,東昇降口入口左,213-0001,高津区溝口4-19-1,365日24時間使用可ではない,8時20分,21時00分,月火水木金,"平日施設開放を実施していない場合の利用時間は１６：５０まで
土日祝日は９：００〜２１：００",外部の使用も認める,35.60511861,139.6137861,,,
483,久末小学校,アリーナ棟開放玄関,213-0026,高津区久末647,365日24時間使用可ではない,8時30分,21時00分,"月火水木金
土日",施設開放を実施していない場合は１７時まで,外部の使用も認める,35.56797006,139.6191288,,,
484,上作延小学校,職員玄関脇,213-0034,高津区上作延5-8-1,365日24時間使用可ではない,8時30分,17時00分,月火水木金,金・土・日のみ〜21時00分,外部の使用も認める,35.59812994,139.5975181,,,
485,南生田小学校,1階職員玄関,214-0036,多摩区南生田3-1-1,365日24時間使用可,-,-,-,収納ボックスから取り出す,外部の使用も認める,35.60649056,139.5339528,,,
486,長尾小学校,図書室側　　ピロティ,214-0023,多摩区長尾7-28-1,365日24時間使用可ではない,8時00分,21時00分,月火水木金,平日でもAEDを利用できない場合があります。,外部の使用も認める,35.605436,139.5815963,,,
487,登戸小学校,教室,214-0014,多摩区登戸1329,365日24時間使用可,-,-,-, ,外部の使用も認める,35.62259533,139.558896,,,
488,西菅小学校,職員玄関,214-0008,多摩区菅北浦4-2-1,365日24時間使用可ではない,8時30分,21時00分,月火水木金,門の鍵があれば利用可能,外部の使用も認める,35.62766683,139.5305834,,,
489,菅小学校,校舎外壁,214-0001,多摩区菅2-6-1,365日24時間使用可ではない,8時25分,16時55分,月火水木金,"収納ボックスに鍵なし。
門の鍵は必要。",外部の使用も認める,35.63272833,139.5327171,,,
490,平間小学校,体育館入口,211-0013,中原区上平間1480,365日24時間使用可ではない,8時30分,21時00分,月火水木金　土,平日でもAEDを利用できない場合があります。,外部の使用も認める,35.55676164,139.676565,,,
491,中原小学校,体育館施設開放入口,211-0068,中原区小杉御殿町1-950,365日24時間使用可ではない,8時30分,21時00分,"月火水木金
土日",門の鍵があれば利用可能,外部の使用も認める,35.58341886,139.6504764,,,
492,宮内小学校,1階職員室外壁校庭側,211-0051,中原区宮内2-4-1,365日24時間使用可ではない,8時30分,21時00分,月火水木金,敷地内に入る鍵等があれば使用可能,外部の使用も認める,35.58886994,139.6414189,,,
493,大戸小学校,1階職員玄関,211-0041,中原区下小田中1-4-1,365日24時間使用可ではない,8時30分,17時00分,月火水木金,時間外であっても、施設開放団体の使用は可能とする。,外部の使用も認める,35.58062872,139.6385107,,,
494,新城小学校,体育館入口,211-0042,中原区下新城1-15-1,365日24時間使用可ではない,8時20分,21時00分,月火水木金,施設開放を実施していない場合の利用時間は16時50分まで,外部の使用も認める,35.58160219,139.6324805,,,
495,大谷戸小学校,低学年昇降口横,211-0053,中原区上小田中1-27-1,365日24時間使用可ではない,8時15分,21時00分,"月火水木金
土日",平日は施設開放している場合21時、していない場合は16：45まで。土日施設開放している場合は9時〜21時まで、していない場合は利用不可,外部の使用も認める,35.59131122,139.6313684,,,
496,南野川小学校,職員玄関,216-0042,宮前区南野川2-12-1,365日24時間使用可ではない,8時20分,16時50分,月火水木金,平日でもAEDを利用できない場合があります。,外部の使用も認める,35.56688922,139.6039395,,,
497,宮崎小学校,児童昇降口（西）,216-0035,宮前区馬絹1-30-9,365日24時間使用可ではない,8時30分,17時00分,月火水木金,平日でもAEDを利用できない場合があります。,外部の使用も認める,35.57971403,139.5878656,,,
498,鷺沼小学校,体育館,216-0004,宮前区鷺沼2-1,365日24時間使用可ではない,8時30分,17時00分,月火水木金,平日でもAEDを利用できない場合があります。,外部の使用も認める,35.57681842,139.5686594,,,
499,有馬小学校,職員玄関,216-0002,宮前区東有馬5-12-1,365日24時間使用可ではない,8時30分,17時00分,月火水木金,年始年末は、門扉施錠中・施設開放利用団体は、門扉の鍵所有により使用時にＡＥＤ使用可能,外部の使用も認める,35.56807419,139.5916068,,,
500,西有馬小学校,体育館通路,216-0003,宮前区有馬7-6-1,365日24時間使用可ではない,8時30分,21時00分,月火水木金,土曜は8〜21時・日曜は9〜21時。年末年始閉庁日は使用不可,外部の使用も認める,35.57125956,139.5764544,,,
501,富士見台小学校,中央昇降口出入口校庭側,216-0006,宮前区宮前平2-18-3,365日24時間使用可ではない,8時30分,17時00分,月火水木金,平日でもAEDを利用できない場合があります。,外部の使用も認める,35.58821039,139.5793346,,,
502,菅生小学校,職員玄関外,216-0015,宮前区菅生1-5-1,365日24時間使用可ではない,8時30分,17時00分,月火水木金,平日でもAEDを利用できない場合があります。,外部の使用も認める,35.59803856,139.5568163,,,
503,稗原小学校,1階体育館前,216-0012,宮前区水沢3-7-1,365日24時間使用可ではない,8時00分,21時00分,月火水木金,年末年始12/28〜1/3は使用不可。,外部の使用も認める,35.59542386,139.5426447,,,
504,土橋小学校,１階開放棟玄関前,216-0005,宮前区土橋3-1-11,365日24時間使用可ではない,8時00分,21時00分,月火水木金,平日でもAEDを利用できない場合があります。,外部の使用も認める,35.58283142,139.5755892,,,
505,菅生小学校,体育館出入口外,216-0015,宮前区菅生1-5-1,365日24時間使用可ではない,8時00分,21時00分,日月火水木金,平日でもAEDを利用できない場合があります。,外部の使用も認める,35.59803856,139.5568163,,,
506,鷺沼小学校,職員玄関,216-0004,宮前区鷺沼2-1,365日24時間使用可ではない,8時30分,17時00分,月火水木金,平日でもAEDを利用できない場合があります。,外部の使用も認める,35.57681842,139.5686594,,,
507,登戸小学校,保健室外壁校庭側,214-0014,多摩区登戸1329,365日24時間使用可ではない,8時15分,16時45分,月火水木金,平日でもAEDを利用できない場合があります。,外部の使用も認める,35.62259533,139.558896,,,
508,宮崎小学校,体育館,216-0035,宮前区馬絹1-30-9,365日24時間使用可ではない,8時00分,17時00分,月火水木金,この時間以外でも、施設開放時には登録団体責任者による対応,外部の使用も認める,35.57953463,139.5879958,,,
509,宮崎小学校,B棟２階渡り廊下,216-0035,宮前区馬絹1-30-9,365日24時間使用可ではない,8時00分,17時00分,月火水木金,学校の平常勤務日以外は使用不可。,施設利用者・職員のみ,35.57953463,139.5879958,,,
510,苅宿小学校,東校舎昇降口横,211-0022,中原区苅宿25-1,365日24時間使用可ではない,8時30分,21時,月火水木金,施設開放を実施していない場合の利用時間は１６時４５分まで。,外部の使用も認める,35.56245936,139.6633395,,,
511,住吉小学校,体育館外校舎側入り口横,211-0033,中原区木月祗園町17-1,365日24時間使用可ではない,8時15分,16時45分,月火水木金,時間外であっても、施設開放団体の使用は可能とする。,外部の使用も認める,35.56826236,139.6535496,,,
512,下小田中小学校,体育館出入口,211-0041,中原区下小田中3-35-1,365日24時間使用可ではない,8時30分,17時00分,月火水木金,施設開放登録団体が利用する際は責任者による対応,外部の使用も認める,35.57163789,139.6403602,,,
513,東高津小学校,1階ピロティ,213-0005,高津区北見方2-5-1,365日24時間使用可,-,-,-,門扉施錠時に緊急であれば門を超えて入ることが可能（防犯カメラ有）,外部の使用も認める,35.60160667,139.6279501,,,
514,中野島小学校,校庭アリーナ階段下,214-0012,多摩区中野島3-12-1,365日24時間使用可ではない,8時30分,17時00分,月火水木金,施設開放をしている時間帯・曜日も使用可,外部の使用も認める,35.62919436,139.5517491,,,
515,はるひ野小学校,地域交流センター前,215-0036,麻生区はるひ野4-8-1,365日24時間使用可ではない,8時00分,21時00分,月火水木金,受付の施設管理員対応,外部の使用も認める,35.61776033,139.4610845,,,
516,小杉小学校,アリーナ棟外壁（階段下）,211-0063,中原区小杉町2-295-1,365日24時間使用可ではない,8時30分,21時00分,月火水木金,施設開放を利用していない場合の利用時間は17時まで,外部の使用も認める,35.58017072,139.6569373,,,
517,向丘小学校,グラウンド体育倉庫内,216-0022,宮前区平1-6-1,365日24時間使用可ではない,8時20分,16時50分,月火水木金,平日でもAEDを利用できない場合があります。,外部の使用も認める,35.60022767,139.5763546,,,
518,土橋小学校,3階職員玄関前,216-0005,宮前区土橋3-1-11,365日24時間使用可ではない,8時00分,17時00分,月火水木金,平日でもAEDを利用できない場合があります。,外部の使用も認める,35.58283142,139.5755892,,,
519,百合丘小学校,体育館,215-0011,麻生区百合丘2-1-2,365日24時間使用可ではない,8時30分,２１時,月火水木金,夜間は施設開放時に限る。施設開放時には土日も使用可,外部の使用も認める,35.60773964,139.5145027,,,
520,平間中学校,生徒昇降口外,211-0013,中原区上平間1368,365日24時間使用可ではない,8時30分,17時00分,月火水木金,平日でもAEDを利用できない場合があります。,外部の使用も認める,35.55847747,139.6782245,,,
521,宮前平中学校,職員玄関,216-0006,宮前区宮前平2-7,365日24時間使用可ではない,8時30分,17時00分,月火水木金,平日でもAEDを利用できない場合があります。,外部の使用も認める,35.58946403,139.5833176,,,
522,野川中学校,2階職員玄関前,216-0044,宮前区西野川2-2-1,365日24時間使用可ではない,8時15分,21時00分,月火水木金,正門が開錠していれば使用可能,外部の使用も認める,35.57380567,139.606113,,,
523,東橘中学校,2階職員室前廊下,213-0023,高津区子母口730,365日24時間使用可ではない,6時00分,21時00分,月火水木金,施設管理員（受付）の方が対応可能　　,外部の使用も認める,35.56969725,139.6325861,,,
524,臨港中学校,職員室グランド側出入口,210-0851,川崎区浜町2-11-22,365日24時間使用可ではない,8時15分,16時45分,月火水木金,平日でもAEDを利用できない場合があります。,外部の使用も認める,35.51437606,139.7158247,,,
525,有馬中学校,体育館,216-0033,宮前区有馬7-7-1,365日24時間使用可ではない,8時30分,21時00分,月火水木金,施設開放を実施していない場合の利用可能時間は8：00〜17：00,外部の使用も認める,35.57093322,139.5773526,,,
526,川崎中学校,生徒昇降口,210-0025,川崎区下並木50,365日24時間使用可ではない,8時10分,16時40分,月火水木金,正門が開錠していれば使用可能,外部の使用も認める,35.52283519,139.6888612,,,
527,西生田中学校,1年昇降口前,215-0003,麻生区高石3-25-1,365日24時間使用可ではない,8時30分,17時00分,月火水木金,施設開放時は可能,外部の使用も認める,35.61585344,139.5192681,,,
528,長沢中学校,職員玄関横,215-0012,麻生区東百合丘4-12-1,365日24時間使用可,-,-,-,,外部の使用も認める,35.59796811,139.5241818,,,
529,王禅寺中央中学校,職員玄関,215-0018,麻生区王禅寺東4-14-2,365日24時間使用可ではない,8時30分,21時00分,"月火水木金
土日",閉庁日や部活動停止期間などの例外あり,外部の使用も認める,35.58635914,139.5139335,,,
530,金程中学校,体育館前,215-0006,麻生区金程3-16-1,365日24時間使用可ではない,8時15分,21時00分,月火水木金,施設開放を行っていない場合の利用時間は16時45分まで,外部の使用も認める,35.61373122,139.4992854,,,
531,麻生中学校,１階体育館側出入り口,215-0021,麻生区上麻生4-39-1,365日24時間使用可ではない,8時30分,21時00分,月火水木金,施設開放を実施していない場合の利用時間は17時まで,外部の使用も認める,35.59633817,139.5039463,,,
532,柿生中学校,職員玄関横,215-0021,麻生区上麻生6-40-1,365日24時間使用可ではない,8時30分,16時45分,月火水木金,8:15〜16:45まで可。年末年始12/28日〜1/4日は使用不可、閉庁日は使用不可,外部の使用も認める,35.58648164,139.4999864,,,
533,京町中学校,保健室外扉横,210-0848,川崎区京町3-19-11,365日24時間使用可ではない,8時30分,21時00分,月火水木金,施設開放を実施していない場合の利用時間は１７時まで,外部の使用も認める,35.509622,139.6960373,,,
534,大師中学校,職員室校庭側,210-0811,川崎区大師河原2-1-1,365日24時間使用可,-,-,-,校舎外部に設置,外部の使用も認める,35.53532883,139.7386509,,,
535,南大師中学校,職員玄関前,210-0828,川崎区四谷上町24-1,365日24時間使用可,-,-,-,校舎外部に設置,外部の使用も認める,35.5283505,139.7365636,,,
536,川中島中学校,1階職員室外壁,210-0804,川崎区藤崎2-19-1,365日24時間使用可ではない,7時00分,20時00分,月火水木金,平日でもAEDを利用できない場合があります。,外部の使用も認める,35.52705839,139.7218366,,,
537,桜本中学校,体育館入口,210-0832,川崎区池上新町1-2-4,365日24時間使用可,-,-,-,校舎外部に設置,外部の使用も認める,35.52319167,139.7270503,,,
538,田島中学校,1階体育館渡廊下,210-0846,川崎区小田2-21-7,365日24時間使用可ではない,8時15分,21時00分,月火水木金,施設開放を実施していない場合の利用時間は１７時４５分まで,外部の使用も認める,35.51283886,139.6984736,,,
539,渡田中学校,1階職員玄関,210-0841,川崎区渡田向町11-1,365日24時間使用可ではない,8時15分,16時45分,月火水木金,年末年始、休日、閉庁日使用不可,外部の使用も認める,35.52049942,139.7028713,,,
540,富士見中学校,1階保健室外,210-0011,川崎区富士見2-1-2,365日24時間使用可ではない,8時15分,16時45分,月火水木金,上記時間外は富士見球場横の門から出入りすること,外部の使用も認める,35.52801828,139.7084227,,,
541,南加瀬中学校,1階A棟B棟間通路,212-0055,幸区南加瀬3-10-1,365日24時間使用可ではない,8時30分,17時00分,月火水木金,年末年始、閉庁日使用不可,外部の使用も認める,35.54426272,139.6628065,,,
542,南河原中学校,職員玄関,212-0012,幸区中幸町4-31,365日24時間使用可ではない,8時30分,17時00分,月火水木金,平日でもAEDを利用できない場合があります。,外部の使用も認める,35.53325733,139.6926212,,,
543,御幸中学校,C棟入口,212-0005,幸区戸手4-2-1,365日24時間使用可ではない,8時30分,17時00分,月火水木金,平日でもAEDを利用できない場合があります。,外部の使用も認める,35.54439594,139.6942094,,,
544,塚越中学校,グラウンド体育館前,212-0024,幸区塚越1-60,365日24時間使用可ではない,8時30分,17時00分,月火水木金,平日でもAEDを利用できない場合があります。,外部の使用も認める,35.54764231,139.6787064,,,
545,日吉中学校,1階職員玄関,212-0057,幸区北加瀬2-3-1,365日24時間使用可ではない,8時00分,21時00分,月火水木金土,使用可能な曜日でもAEDを利用できない場合があります。,外部の使用も認める,35.55380706,139.6614951,,,
546,橘中学校,職員玄関,213-0022,高津区千年1300,365日24時間使用可,-,-,-,校舎外部に設置,外部の使用も認める,35.58389333,139.6200614,,,
547,高津中学校,１階昇降口横,213-0011,高津区久本3-11-2,365日24時間使用可ではない,8時15分,21時00分,"月火水木金
土日",学校閉庁日とSELFによる施設開放の休業日が重なる日は利用不可となります。,外部の使用も認める,35.59567217,139.6184553,,,
548,東高津中学校,1階ピロティ,213-0013,高津区末長4-1-1,365日24時間使用可ではない,8時15分,16時45分,月火水木金,平日でもAEDを利用できない場合があります。,外部の使用も認める,35.59175031,139.6212696,,,
549,西高津中学校,2階職員玄関前,213-0032,高津区久地1-10-1,365日24時間使用可ではない,8時15分,16時45分,月火水木金,平日でもAEDを利用できない場合があります。,外部の使用も認める,35.60724447,139.6100481,,,
550,菅中学校,職員玄関前,214-007,多摩区菅城下28-1,365日24時間使用可ではない,8時30分,21時00分,月火水木金,施設開放を実施していない場合の利用時間は16時45分まで,外部の使用も認める,35.63672122,139.5227278,,,
551,南生田中学校,昇降口外,214-0036,多摩区南生田3-4-1,365日24時間使用可ではない,8時30分,21時00分,月火水木金,施設開放を利用していない場合の利用時間は１７時まで。学校閉庁時は使用不可。,外部の使用も認める,35.60551181,139.53343,,,
552,南菅中学校,校舎、体育館の渡り廊下,214-0004,多摩区菅馬場4-1-1,365日24時間使用可ではない,8時15分,21時00分,月火水木金,施設開放を実施していない場合は16時45分まで。学校閉庁日・年末年始12月29日〜1月3日は利用不可,外部の使用も認める,35.62261756,139.5302371,,,
553,枡形中学校,職員玄関前,214-0032,多摩区枡形1-22-1,365日24時間使用可ではない,8時30分,17時00分,月火水木金,平日でもAEDを利用できない場合があります。,外部の使用も認める,35.61866697,139.5481758,,,
554,生田中学校,３年昇降口外,214-0034,多摩区三田2-5420-2,365日24時間使用可ではない,8時30分,21時00分,"月火水木金
土日",年末年始12月２９日〜１月３日までは使用不可。その他の日は、校務員さんが勤務している。,外部の使用も認める,35.61234864,139.545906,,,
555,中野島中学校,1階武道場前廊下,214-0012,多摩区中野島1-16-1,365日24時間使用可ではない,8時30分,21時00分,月火水木金,施設開放を実施していない場合の利用時間は17時まで,外部の使用も認める,35.62827467,139.5460429,,,
556,玉川中学校,玄関前,211-0012,中原区中丸子562,365日24時間使用可ではない,8時30分,17時00分,月火水木金,閉庁時は使用不可,外部の使用も認める,35.56633622,139.6680161,,,
557,住吉中学校,職員室前廊下,211-0021,中原区木月住吉町27-1,365日24時間使用可ではない,8時30分,17時00分,月火水木金,平日でもAEDを利用できない場合があります。,外部の使用も認める,35.56553925,139.6614983,,,
558,井田中学校,1階体育館前,211-0036,中原区井田杉山町11-1,365日24時間使用可ではない,8時15分,21時00分,月火水木金,"補足：施設開放を実施していない場合にの利用時間は16：45まで
現在校舎増改築に伴って、AEDを職員室へ移動してあります。工事が終わるのが3月中旬予定、工事終了後グラウンドに面した場所へ移動。
年末年始や閉庁日は使用不可。",外部の使用も認める,35.56996469,139.6439798,,,
559,今井中学校,１階体育館入口,211-0065,中原区今井仲町7-1,365日24時間使用可ではない,8時30分,17時00分,月火水木金,平日でもAEDを利用できない場合があります。,外部の使用も認める,35.5756,139.6505894,,,
560,中原中学校,2階職員玄関外,211-0062,中原区小杉陣屋町1-24-1,365日24時間使用可ではない,8時15分,17時00分,月火水木金,お盆・年末年始の閉庁日は使用不可、施設開放実施時のみ２０時まで使用可,外部の使用も認める,35.58593783,139.6596494,,,
561,宮内中学校,職員玄関前,211-0051,中原区宮内4-13-1,365日24時間使用可ではない,8時30分,17時00分,月火水木金,平日でもAEDを利用できない場合があります。,外部の使用も認める,35.58513311,139.6464692,,,
562,向丘中学校,2階職員玄関,216-0031,宮前区神木本町5-11-1,365日24時間使用可ではない,8時30分,21時00分,月火水木金,収納ボックスに鍵はないため、門の鍵が開いていれば使用可能,外部の使用も認める,35.59843142,139.5812514,,,
563,犬蔵中学校,職員玄関前,216-0011,宮前区犬蔵1-10-1,365日24時間使用可ではない,8時30分,17時00分,月火水木金,収納ボックスに鍵はないため、門の鍵が開いていれば使用可能,外部の使用も認める,35.58909439,139.5635175,,,
564,宮崎中学校,体育館,216-0033,宮前区宮崎107,365日24時間使用可ではない,7時30分,21時00分,月火水木金,施設開放を実施していない場合の利用時間は、１８時００分まで。,外部の使用も認める,35.58890483,139.5980582,,,
565,有馬中学校,克己館下倉庫前,216-0033,宮前区有馬7-7-1,365日24時間使用可ではない,8時30分,17時00分,月火水木金,平日でもAEDを利用できない場合があります。,外部の使用も認める,35.57093322,139.5773526,,,
566,菅生中学校,１階３年昇降口横,216-0015,宮前区菅生2-10-1,365日24時間使用可,-,-,-,門の中にあるので、使用する場合は門を乗り越えて入る必要がある,外部の使用も認める,35.59838097,139.5524451,,,
567,中野島中学校,昇降口,214-0012,多摩区中野島1-16-1,365日24時間使用可ではない,8時30分,21時00分,月火水木金,門の鍵があれば利用可能,外部の使用も認める,35.62827467,139.5460429,,,
568,西中原中学校,１年生昇降口,211-0041,中原区下小田中2-17-1,365日24時間使用可,-,-,-,,外部の使用も認める,35.57900406,139.6435557,,,
569,富士見中学校,1階職員玄関,210-0011,川崎区富士見2-1-2,365日24時間使用可ではない,8時15分,16時45分,月火水木金,平日でもAEDを利用できない場合があります。,外部の使用も認める,35.52801828,139.7084227,,,
570,白鳥中学校,2階職員玄関外,215-0024,麻生区白鳥1-5-1,365日24時間使用可ではない,8時15分,16時45分,月火水木金,平日でもAEDを利用できない場合があります。,外部の使用も認める,35.60125325,139.4860769,,,
571,川崎高校附属中学校,2階校務センター前廊下,210-0806,川崎区中島3-3-1,365日24時間使用可ではない,8時15分,16時45分,月火水木金,平日でもAEDを利用できない場合があります。,外部の使用も認める,35.52678778,139.7148373,,,
572,宮前平中学校,職員室,216-0006,宮前区宮前平2-7,365日24時間使用可ではない,8時30分,17時00分,月火水木金,平日でもAEDを利用できない場合があります。,外部の使用も認める,35.58946403,139.5833176,,,
573,平中学校,アリーナ玄関,216-0022,宮前区平3-15-1,365日24時間使用可ではない,8時30分,17時00分,月火水木金,平日でもAEDを利用できない場合があります。,外部の使用も認める,35.60344578,139.5691766,,,
574,はるひ野中学校,小アリーナ前の担架ケースの中,215-0036,麻生区はるひ野4-8-1,365日24時間使用可ではない,8時00分,21時00分,月火水木金,受付の施設管理員対応,外部の使用も認める,35.61841,139.4610845,,,
575,西中原中学校,夜間学級,211-0041,中原区下小田中2-17-1,365日24時間使用可ではない,13時,21時半,月火水木金,閉庁日は使用不可,施設利用者・職員のみ,35.578962,139.643452,,,
576,橘中学校,昇降口前,213-0022,高津区千年１３００,365日24時間使用可ではない,8時15分,16時45分,月火水木金,平日でもAEDを利用できない場合があります。,外部の使用も認める,35.58389333,139.6200614,,,
577,幸高等学校（商業高校）,（全日制）１階職員玄関前,212-0023,幸区戸手本町1-150,365日24時間使用可ではない,6時00分,20時00分,月火水木金,年末年始12月29日から1月3日は使用不可,外部の使用も認める,35.54209,139.68637,,,
578,幸高等学校（商業高校）,（全日制）1階保健室前,212-0023,幸区戸手本町1-150,365日24時間使用可ではない,6時00分,20時00分,月火水木金,年末年始12月29日から1月3日は使用不可,施設利用者・職員のみ,35.54209,139.68637,,,
579,幸高等学校（商業高校）,（全日制）1階体育館入口,212-0023,幸区戸手本町1-150,365日24時間使用可ではない,6時00分,20時00分,月火水木金,年末年始12月29日から1月3日は使用不可,施設利用者・職員のみ,35.54209,139.68637,,,
580,川崎総合科学高校,（定時制）5階定時制職員室前,212-0002,幸区小向仲野町5-1,365日24時間使用可ではない,7時00分,23時00分,月火水木金,年末年始は上記の時間が変更になる可能性あり,外部の使用も認める,35.55279481,139.6961576,,,
581,川崎総合科学高校,職員玄関入口,212-0002,幸区小向仲野町5-1,365日24時間使用可ではない,7時00分,23時00分,月火水木金,年末年始は上記の時間が変更になる可能性あり,外部の使用も認める,35.55279481,139.6961576,,,
582,川崎総合科学高校,（全日制）6階全日制職員室入口,212-0002,幸区小向仲野町5-1,365日24時間使用可ではない,7時00分,23時00分,月火水木金,年末年始は上記の時間が変更になる可能性あり,外部の使用も認める,35.55279481,139.6961576,,,
583,橘高校,（全日制）第一アリーナ入口,211-0012,中原区中丸子562,365日24時間使用可ではない,8時30分,17時00分,月火水木金,平日でもAEDを利用できない場合があります。,外部の使用も認める,35.56748411,139.6680936,,,
584,橘高校,〈全日制〉事務室前,211-0012,中原区中丸子562,365日24時間使用可ではない,8時30分,17時00分,月火水木金,平日でもAEDを利用できない場合があります。,外部の使用も認める,35.56748411,139.6680936,,,
585,橘高校,3階か5階,211-0012,中原区中丸子562,365日24時間使用可ではない,8時30分,17時00分,月火水木金,平日でもAEDを利用できない場合があります。,外部の使用も認める,35.56748411,139.6680936,,,
586,高津高校,保健室,213-0011,高津区久本3-11-1,365日24時間使用可ではない,6時30分,22時00分,"月火水木金
土日","年末年始12月29日〜1月3日は使用不可
土日祭日に関しては閉庁日は警備に声をかけてください。また、土日祝日の利用終了時刻は20時までとなります。",外部の使用も認める,35.59604783,139.61667,,,
587,高津高校,2階職員玄関前,213-0011,高津区久本3-11-1,365日24時間使用可ではない,6時30分,22時00分,"月火水木金
土日","年末年始12月29日〜1月3日は使用不可
土日祭日に関しては閉庁日は警備に声をかけてください。また、土日祝日の利用終了時刻は20時までとなります。",外部の使用も認める,35.59604783,139.61667,,,
588,高津高校,体育教官室,213-0011,高津区久本3-11-1,365日24時間使用可ではない,6時30分,22時00分,"月火水木金
土日","年末年始12月29日〜1月3日は使用不可
土日祭日に関しては閉庁日は警備に声をかけてください。また、土日祝日の利用終了時刻は20時までとなります。",外部の使用も認める,35.59604783,139.61667,,,
589,聾学校,2階職員玄関,211-0053,中原区上小田中3-10-5,365日24時間使用可ではない,8時30分,17時00分,月火水木金,施設開放を実施していない場合の利用時間は17時まで,外部の使用も認める,35.58522442,139.6374698,,,
590,中央支援学校,1階ピロティ,213-0011,高津区久本3-7-1,365日24時間使用可,-,-,-,敷地に入れればいつでも可,外部の使用も認める,35.59788961,139.618376,,,
591,田島支援学校,1階職員室外壁,210-0853,川崎区田島町20-5,365日24時間使用可ではない,8時30分,21時,月火水木金,施設開放を実施していない場合の利用時間は17時まで,外部の使用も認める,35.51533075,139.7120059,,,
592,田島支援学校桜校,職員玄関前,210-0832,川崎区池上新町1-1-3,365日24時間使用可ではない,8時30分,21時,月火水木金,施設開放をしていない場合の平日17時まで可。休日は施設開放時間のみ可。,外部の使用も認める,35.52365706,139.7258524,,,
593,京町小学校,体育館,210-0848,川崎区京町1-1-4,365日24時間使用可ではない,8時15分,16時45分,月火水木金,平日でもAEDを利用できない場合があります。,外部の使用も認める,35.51943131,139.6923249,,,
594,日吉小学校,体育館,212-0057,幸区北加瀬1-37-1,365日24時間使用可ではない,8時30分,21時00分,"月火水木金
土日",平日１７時以降及び土日祝については、施設開放団体の利用がない場合は使用不可。,外部の使用も認める,35.54780194,139.6692763,,,
595,柿生中学校,"体育館横
ホール",215-0021,麻生区上麻生6-40-1,365日24時間使用可ではない,8時30分,16時45分,月火水木金,8:15〜16:45まで可。年末年始12/28日〜1/4日は使用不可、閉庁日は使用不可,外部の使用も認める,35.58648164,139.4999864,,,
596,百合丘小学校,1階職員玄関前,215-0011,麻生区百合丘2-1-2,365日24時間使用可ではない,8時30分,17時00分,月火水木金,門は電子錠で２４時間管理,外部の使用も認める,35.60773964,139.5145027,,,
597,川崎小学校,１階職員室廊下前,210-0024,川崎区日進町20-1,365日24時間使用可ではない,8時30分,17時00分,月火水木金,年末年始12/28〜1/4は使用不可。施設開放を実施していない場合の利用時間は１７時まで,外部の使用も認める,35.52476072,139.6952579,,,
598,南野川小学校,職員玄関,216-0042,宮前区南野川2-12-1,365日24時間使用可ではない,8時20分,21時00分,月火水木金,施設開放を実施していない場合の利用時間は16時50分まで,外部の使用も認める,35.56688922,139.6039395,,,
599,藤崎小学校,体育館・校舎間通路,210-0804,川崎区藤崎3-2-1,365日24時間使用可ではない,8時30分,21時00分,月火水木金土日,平日でもAEDを利用できない場合があります。土日は施設利用者のみ可,外部の使用も認める,35.52554817,139.7252451,,,
600,渡田小学校,職員玄関隣り水飲み場,210-0853,川崎区田島町14-1,365日24時間使用可ではない,8時00分,21時00分,"月火水木金
土日",学校閉庁日は使用不可,外部の使用も認める,35.51622969,139.7097352,,,
601,久末小学校,南昇降口,213-0026,高津区久末647,365日24時間使用可ではない,8時30分,21時00分,月火水木金土日,平日は施設開放をしている場合21時、していない場合は17:00まで。土日祝日は施設開放している場合は9時〜21時まで、していない場合は利用不可,外部の使用も認める,35.56797006,139.6191288,,,
602,犬蔵小学校,職員玄関前,216-0011,宮前区犬蔵1-3-1,365日24時間使用可ではない,8時30分,21時00分,月火水木金,平日でもAEDを利用できない場合があります。,外部の使用も認める,35.59130847,139.5656288,,,
603,小倉小学校,校庭,212-0054,幸区小倉2-20-1,365日24時間使用可ではない,8時25分,21時00分,月火水木金,施設開放をしていない場合の利用時間は16:55まで,外部の使用も認める,35.54136389,139.6653723,,,
604,東柿生小学校,体育館,215-0018,麻生区王禅寺東6-3-1,365日24時間使用可ではない,8時30分,17時00分,月火水木金,平日でもAEDを利用できない場合があります。,外部の使用も認める,35.57909411,139.5106466,,,
605,渡田中学校,西昇降口校庭側入り口,210-0841,川崎区渡田向町11-1,365日24時間使用可ではない,8時15分,21時00分,月火水木金,施設開放を実施していない場合の利用時間は16時45分まで,外部の使用も認める,35.52049942,139.7028713,,,
606,宮前平中学校,１階玄関脇ピロティ,216-0006,宮前区宮前平2-7,365日24時間使用可ではない,8時30分,17時00分,月火水木金,平日でもAEDを利用できない場合があります。,外部の使用も認める,35.58946403,139.5833176,,,
607,枡形中学校,体育館入口,214-0032,多摩区枡形1-22-1,365日24時間使用可ではない,8時15分,21時00分,月火水木金,平日でもAEDを利用できない場合があります。,外部の使用も認める,35.61866697,139.5481758,,,
608,生田中学校特別創作活動センター,1階事務所前,214-0034,多摩区三田2-3303-1,365日24時間使用可ではない,7時30分,21時30分,月火水木金,平日でもAEDを利用できない場合があります。,施設利用者・職員のみ,35.6134,139.54645,,,
609,川崎市立田島支援学校,施設開放用玄関,210-0853,川崎区田島町20-5,365日24時間使用可ではない,8時30分,17時00分,平はは８時半から１７時で使用可。休日は、施設開放の時間の可,施設開放をしていない場合は平日17時まで使用可,施設利用者・職員のみ,35.51533075,139.7120059,,,
610,久地小学校,サテライト（校庭）,213-0032,高津区久地4-2-1,365日24時間使用可,-,-,-,,外部の使用も認める,35.61128614,139.6001297,,,
611,新町小学校,体育館,210-0844,川崎区渡田新町3-15-1,365日24時間使用可ではない,8時30分,17時00分,月火水木金,平日でもAEDを利用できない場合があります。,外部の使用も認める,35.51810189,139.7007324,,,
612,中原図書館,5Fカウンター,211-0063,中原区小杉町3-1301,365日24時間使用可ではない,9時30分,21時00分,開館日の開館時間内,,外部の使用も認める,35.57570528,139.6592478,,,
613,高津図書館,1階カウンター,213-0001,高津区溝口4-16-3,365日24時間使用可ではない,9時30分,"月〜金 19時
土日祝 17時",開館日の開館時間内,"休館日：
第３月曜日（祝日・国民の休日に当たる場合は開館し、代わりに直後の平日を休館）、館内特別整理期間（蔵書点検など）、年末年始（12月29日〜1月4日）",外部の使用も認める,35.60521483,139.6151135,,,
614,総合教育センター　総務室,受付,213-0001,高津区溝口6-9-3,365日24時間使用可ではない,8時30分,17時00分,平日,,外部の使用も認める,35.60892875,139.6149063,,,
615,教育会館,受付,２１１−００１１,中原区下沼部１７０９−４,365日24時間使用可ではない,9時00分,17時00分,平日,,外部の使用も認める,35.57511,139.66705,,,
616,日本民家園,本館券売所,214-0032,多摩区枡形7-1-1,365日24時間使用可ではない,9時30分,17時00分,休園日による（月曜日〔祝日の場合を除く〕、祝日の翌日〔土日祝の場合を除く〕、年末年始、臨時休園日）,,外部の使用も認める,35.60985187,139.5618518,,,
617,青少年科学館,1階エントランス,214-0032,多摩区枡形7-1-2,365日24時間使用可ではない,9時30分,17時00分,原則火〜日（休館日以外）,"年末年始12月29日〜1月3日は使用不可。
火〜日でも、祝日の翌日や臨時休館日等、使用不可になる場合もあります。",外部の使用も認める,35.60840444,139.5615146,,,
